subjectGroup,GMT_timestamp,local_timestamp,mindsCode,link,calibration,id,age,sex,education,handedness,nationality,completionCode
"1",2022-01-08_12:07:51,2022-01-08_13:07:51,M016718,https://www.testable.org/experiment/4303/294929/start?participant=M016718,0.82,M016718,"19",female,College or Technical school,right-handed,Française,T1xfSyikqN1cwHW5

rowNo,trialNo,type,title,fixation,ITI,trialText,trialTextPos,trialTextOptions,stim1,stimPos,button1,button2,if,then,label,responsePos,head,body,responseOptions,subjectGroup,random,randomBlock,responseRows,required,stimFormat,pageBreak,pageName,bgColor,textColor,stimPos_actual,ITI_ms,ITI_f,ITI_fDuration,timestamp,response,RT,correct,responseCode
12,La Manif Pour Tous,form,"","","","","","","","","","","","","","","<b><font size=""6""><center>La Manif Pour Tous</center></font></b>","<font size=""4""><p align=”justify”> La Manif Pour Tous défend le mariage et la filiation en cohérence avec la réalité sexuée de l’humanité, dont la conséquence est à la fois la différence et la complémentarité des sexes, incontournable pour concevoir un enfant et assumer la différence père-mère, paternité-maternité. Notre finalité est le respect de l’intérêt supérieur et des besoins élémentaires de l’enfant, aujourd’hui menacés par les réformes sociétales inspirées par l’idéologie du genre. <br/><br/>La Manif Pour Tous se situe dans une démarche pragmatique dont l’objectif est de favoriser le bien-être et l’avenir de l’enfant, de l’adulte et de la société dans son ensemble, ce qu’on appelle couramment l’intérêt général. Elle agit pour les générations présentes et à venir. <br/><br/> Enfin, La Manif Pour Tous rappelle que la famille est le carrefour de la différence des sexes et de la différence des générations. Seul ce contexte répond aux besoins essentiels de l’enfant pour venir au monde, connaître son identité personnelle, entrer peu à peu en relations avec les autres, s’insérer dans le groupe puis dans la société, contribuer à la paix sociale. </p></font>",1_7_1;4,"","1","","<b>A quel point cette organisation vous est-elle familière ? </b><br/>(1 = pas du tout familière)<br/>(7 = très familière)<br/><br/>; <b>A quel point trouvez-vous que les valeurs de cette organisation sont proches des vôtres ? </b><br/>(1 = pas du tout proches)<br/>(7 = très proches)<br/><br/> ; <b>A quel point appréciez-vous cette organisation ? </b><br/>(1 = je n'apprécie pas du tout)<br/>(7 = j'apprécie fortement)<br/><br/> ; <b>A quel point cette organisation vous est-elle, selon vous, familière à vos proches ? </b><br/>(1 = pas du tout familière)<br/>(7 = très familière)<br/><br/>; <b>A quel point vos proches trouveraient-ils, selon vous, que les valeurs de cette organisation sont proches des leurs ? </b><br/>(1 = pas du tout proches)<br/>(7 = très proches)<br/><br/> ; <b>A quel point vos proches apprécieraient-ils, selon vous, cette organisation ?</b><br/>(1 = ils n'apprécieraient pas du tout)<br/>(7 = ils apprécieraient fortement)","",.png,"1",<center>Veuillez évaluer l'organisation suivante</center>,"","","",0,0,0,236531,3_1_1_2_1_1,44364,"0",3_1_1_2_1_1
10,FEMEN,form,"","","","","","","","","","","","","","","<b><font size=""6""><center>FEMEN</center></font></b>","<font size=""4""><p align=”justify”>FEMEN est un mouvement international d'activistes politiques féministes aux torses nus, peints de slogans, et aux têtes couronnées de fleurs. Nos slogans sont courts et percutants, nos poitrines sont nos étendards. De la nécessité militante naît l'accomplissement d'actions puissantes et provocantes mais toujours non-violentes. Le mouvement est né en 2008 à Kiev en Ukraine. Dès 2010, les activistes se politisent et utilisent leur poitrine comme support de leurs revendications. <br/><br/>Avec nos actions provocantes et retentissantes, nous ciblons les multiples manifestations de l’ordre patriarcal : dictatures, industrie du sexe et religions. Nous sommes une revanche féminine contre la culture patriarcale sclérosée. Nous sommes une expression de la liberté et du pluralisme. <br/><br/> Notre ambition est de changer les mentalités et l’image publique des femmes en exposant notre force, notre courage et nos convictions. C’est en développant notre action politique que nous parviendrons à changer notre réalité même la plus intime. </p></font>",1_7_1;4,"","1","","<b>A quel point cette organisation vous est-elle familière ? </b><br/>(1 = pas du tout familière)<br/>(7 = très familière)<br/><br/>; <b>A quel point trouvez-vous que les valeurs de cette organisation sont proches des vôtres ? </b><br/>(1 = pas du tout proches)<br/>(7 = très proches)<br/><br/> ; <b>A quel point appréciez-vous cette organisation ? </b><br/>(1 = je n'apprécie pas du tout)<br/>(7 = j'apprécie fortement)<br/><br/> ; <b>A quel point cette organisation vous est-elle, selon vous, familière à vos proches ? </b><br/>(1 = pas du tout familière)<br/>(7 = très familière)<br/><br/>; <b>A quel point vos proches trouveraient-ils, selon vous, que les valeurs de cette organisation sont proches des leurs ? </b><br/>(1 = pas du tout proches)<br/>(7 = très proches)<br/><br/> ; <b>A quel point vos proches apprécieraient-ils, selon vous, cette organisation ?</b><br/>(1 = ils n'apprécieraient pas du tout)<br/>(7 = ils apprécieraient fortement)","",.png,"1",<center>Veuillez évaluer l'organisation suivante</center>,"","","",0,0,0,269776,5_7_7_4_4_4,32700,"0",5_7_7_4_4_4
20,Parti Libertarien,form,"","","","","","","","","","","","","","","<b><font size=""6""><center>Parti Libertarien</center></font></b>","<font size=""4""><p align=”justify”>Notre constat est le même que la majorité des Français : le poids de l’état et son périmètre d’action ne cessent d’augmenter, entravant toujours plus nos libertés, avec les résultats catastrophiques que tout le monde constate. <br/><br/>Nous sommes également face à une inflation législative extrêmement préoccupante, l’accumulation de normes, de réglementations et de lois rendent le système incompréhensible pour la majorité des Français et impraticable pour les entrepreneurs. Seuls les grands groupes et les multinationales profitent de cette complexité et peuvent s’étendre sans réelle concurrence. Ces réglementations paralysent toute initiative personnelle, bloquent l’ascenseur social et augmentent les inégalités. <br/><br/>Au-delà des conséquences dramatiques d’une telle intrusion de l’état dans la vie des individus, ce dernier, en voulant réguler chaque aspect de notre quotidien, va au-delà de ses prérogatives et viole notre droit fondamental à gérer notre vie comme bon nous semble. Nous sommes libertariens et nous considérons que c’est aux individus libres d’écrire leur histoire.</p></font>",1_7_1;4,"","1","","<b>A quel point cette organisation vous est-elle familière ? </b><br/>(1 = pas du tout familière)<br/>(7 = très familière)<br/><br/>; <b>A quel point trouvez-vous que les valeurs de cette organisation sont proches des vôtres ? </b><br/>(1 = pas du tout proches)<br/>(7 = très proches)<br/><br/> ; <b>A quel point appréciez-vous cette organisation ? </b><br/>(1 = je n'apprécie pas du tout)<br/>(7 = j'apprécie fortement)<br/><br/> ; <b>A quel point cette organisation vous est-elle, selon vous, familière à vos proches ? </b><br/>(1 = pas du tout familière)<br/>(7 = très familière)<br/><br/>; <b>A quel point vos proches trouveraient-ils, selon vous, que les valeurs de cette organisation sont proches des leurs ? </b><br/>(1 = pas du tout proches)<br/>(7 = très proches)<br/><br/> ; <b>A quel point vos proches apprécieraient-ils, selon vous, cette organisation ?</b><br/>(1 = ils n'apprécieraient pas du tout)<br/>(7 = ils apprécieraient fortement)","",.png,"1",<center>Veuillez évaluer l'organisation suivante</center>,"","","",0,"","",317286,1_1_1_1_2_2,46962,"0",1_1_1_1_2_2
13,Greenpeace,form,"","","","","","","","","","","","","","","<b><font size=""6""><center>Greenpeace</center></font></b>","<font size=""4""><p align=”justify”> Depuis sa création il y a une cinquantaine d’années, Greenpeace agit sur terre et en mer selon les principes de non-violence pour protéger l’environnement et promouvoir la paix. Aujourd’hui, nous restons fidèles à cette mission, ainsi qu'à notre totale indépendance financière et idéologique. <br/><br/> Changements climatiques, inégalités grandissantes, injustices sociales, migrations et conflits armés... Tous les grands défis de notre époque, auxquels nous devons répondre de toute urgence, sont intimement liés – tout comme les structures de pouvoir qui en sont à l’origine et les mentalités qui s’en accommodent. C’est pourquoi il est nécessaire de les transformer conjointement. <br/><br/> Greenpeace est présente dans 55 pays, sur tous les continents et tous les océans grâce à ses 28 bureaux nationaux et régionaux et ses trois bateaux. Elle compte plus de trois millions d'adhérent·es et plus de 36 000 bénévoles à travers le monde. Nous plaçons le pouvoir citoyen au cœur de nos campagnes en donnant une résonance au travail de toutes celles et tous ceux qui partagent notre vision, nos espoirs et notre conviction qu’il faut des transformations profondes de nos sociétés.</p></font>",1_7_1;4,"","1","","<b>A quel point cette organisation vous est-elle familière ? </b><br/>(1 = pas du tout familière)<br/>(7 = très familière)<br/><br/>; <b>A quel point trouvez-vous que les valeurs de cette organisation sont proches des vôtres ? </b><br/>(1 = pas du tout proches)<br/>(7 = très proches)<br/><br/> ; <b>A quel point appréciez-vous cette organisation ? </b><br/>(1 = je n'apprécie pas du tout)<br/>(7 = j'apprécie fortement)<br/><br/> ; <b>A quel point cette organisation vous est-elle, selon vous, familière à vos proches ? </b><br/>(1 = pas du tout familière)<br/>(7 = très familière)<br/><br/>; <b>A quel point vos proches trouveraient-ils, selon vous, que les valeurs de cette organisation sont proches des leurs ? </b><br/>(1 = pas du tout proches)<br/>(7 = très proches)<br/><br/> ; <b>A quel point vos proches apprécieraient-ils, selon vous, cette organisation ?</b><br/>(1 = ils n'apprécieraient pas du tout)<br/>(7 = ils apprécieraient fortement)","",.png,"1",<center>Veuillez évaluer l'organisation suivante</center>,"","","",0,"","",343971,5_6_5_4_4_3,26148,"0",5_6_5_4_4_3
11,Generation Identitaire,form,"","","","","","","","","","","","","","","<b><font size=""6""><center>Génération Identitaire</center></font></b>","<font size=""4""><p align=”justify”>Génération Identitaire est un mouvement politique de jeunesse qui rassemble des garçons et des filles à travers toute l’Europe. Il a été fondé en septembre 2012. <br/><br/> Nous appelons la jeunesse à relever la tête : face à la racaille, face à ceux qui veulent fliquer notre vie et nos pensées, face à l’uniformisation des peuples et des cultures, face au raz de marée de l’immigration massive, face à une Ecole qui nous cache l’histoire de notre peuple pour nous empêcher de l’aimer, face à un prétendu vivre-ensemble qui vire au cauchemar... Génération Identitaire est la première ligne de la résistance. <br/><br/> Conscients des défis qui s’imposent à nous, nous ne refusons aucune bataille. Fiers de notre héritage et confiants dans notre destin, nous n’avons qu’un seul mot d’ordre : on ne recule plus ! Nous sommes la génération sacrifiée, mais pas la génération perdue. Car nous entrons en guerre contre tous ceux qui veulent nous arracher nos racines et nous faire oublier qui nous sommes. Notre idéal est la reconquête, et nous la mènerons jusqu’au bout. Génération Identitaire est la barricade sur laquelle se dresse la jeunesse en lutte pour son identité. </p></font>",1_7_1;4,"","1","","<b>A quel point cette organisation vous est-elle familière ? </b><br/>(1 = pas du tout familière)<br/>(7 = très familière)<br/><br/>; <b>A quel point trouvez-vous que les valeurs de cette organisation sont proches des vôtres ? </b><br/>(1 = pas du tout proches)<br/>(7 = très proches)<br/><br/> ; <b>A quel point appréciez-vous cette organisation ? </b><br/>(1 = je n'apprécie pas du tout)<br/>(7 = j'apprécie fortement)<br/><br/> ; <b>A quel point cette organisation vous est-elle, selon vous, familière à vos proches ? </b><br/>(1 = pas du tout familière)<br/>(7 = très familière)<br/><br/>; <b>A quel point vos proches trouveraient-ils, selon vous, que les valeurs de cette organisation sont proches des leurs ? </b><br/>(1 = pas du tout proches)<br/>(7 = très proches)<br/><br/> ; <b>A quel point vos proches apprécieraient-ils, selon vous, cette organisation ?</b><br/>(1 = ils n'apprécieraient pas du tout)<br/>(7 = ils apprécieraient fortement)","",.png,"1",<center>Veuillez évaluer l'organisation suivante</center>,"","","",0,"","",375303,4_1_1_3_1_1,30796,"0",4_1_1_3_1_1
9,SOS Mediterranee,form,"","","","","","","","","","","","","","","<b><font size=""6""><center>SOS Méditerranée</center></font></b>","<font size=""4""><p align=”justify”>SOS Méditerranée est une association civile européenne de sauvetage en mer, indépendante de tout parti politique et de toute confession, créée en 2015 et constituée de citoyens mobilisés face à l’urgence humanitaire en Méditerranée. SOS Méditerranée se fonde sur le respect de l’homme et de sa dignité, quelle que soit sa nationalité, son origine, son appartenance sociale, religieuse, politique ou ethnique. <br/><br/> L'association a vocation à porter assistance à toute personne en détresse sur mer se trouvant dans le périmètre de son action, sans aucune discrimination. Les personnes concernées sont des hommes, femmes ou enfants, migrants ou réfugiés, se retrouvant en danger de mort lors de la traversée de la Méditerranée. L'association vise également à assurer la protection des rescapés jusqu’à leur arrivée dans un port sûr et à témoigner de la situation en Méditerranée centrale. <br/><br/>L'association est financée par des dons privés et des subventions publiques. Les fonds collectés sont alloués à la location du bateau, aux frais quotidiens d’entretien et de sauvetage.</p></font>",1_7_1;4,"","1","","<b>A quel point cette organisation vous est-elle familière ? </b><br/>(1 = pas du tout familière)<br/>(7 = très familière)<br/><br/>; <b>A quel point trouvez-vous que les valeurs de cette organisation sont proches des vôtres ? </b><br/>(1 = pas du tout proches)<br/>(7 = très proches)<br/><br/> ; <b>A quel point appréciez-vous cette organisation ? </b><br/>(1 = je n'apprécie pas du tout)<br/>(7 = j'apprécie fortement)<br/><br/> ; <b>A quel point cette organisation vous est-elle, selon vous, familière à vos proches ? </b><br/>(1 = pas du tout familière)<br/>(7 = très familière)<br/><br/>; <b>A quel point vos proches trouveraient-ils, selon vous, que les valeurs de cette organisation sont proches des leurs ? </b><br/>(1 = pas du tout proches)<br/>(7 = très proches)<br/><br/> ; <b>A quel point vos proches apprécieraient-ils, selon vous, cette organisation ?</b><br/>(1 = ils n'apprécieraient pas du tout)<br/>(7 = ils apprécieraient fortement)","",.png,"1",<center>Veuillez évaluer l'organisation suivante</center>,"","","",0,"","",405397,2_5_5_2_5_5,29556,"0",2_5_5_2_5_5
18,Fondation Robert Schuman,form,"","","","","","","","","","","","","","","<b><font size=""6""><center>Fondation Robert Schuman</center></font></b>","<font size=""4""><p align=”justify”>Créée en 1991 et reconnue d'utilité publique, la Fondation Robert Schuman œuvre en faveur de la construction européenne. Centre de recherche de référence, la Fondation développe des études sur l'Union européenne et ses politiques et en promeut le contenu en France, en Europe et à l'étranger. <br/><br/>La Fondation est un lieu de travail en réseau ouvert et multinational. Elle s'est donnée pour principale mission de garder vivants l'esprit et l'inspiration d'un des ""Pères de l'Europe"", Robert Schuman et de promouvoir les valeurs et les idéaux européens à l'intérieur comme hors des frontières de l'Union. <br/><br/>La Fondation produit de nombreuses études sur les politiques européennes qui constituent une précieuse source d'informations pour tous ceux qui veulent comprendre les questions et enjeux européens. Son indépendance lui permet de traiter de tous les sujets d'actualité de manière approfondie et objective. Ses études et analyses apportent aux décideurs européens des informations, arguments et éléments de réflexion appréciés pour leur utilité et leur qualité scientifique. Elle multiplie les initiatives sur le terrain pour faire progresser le modèle démocratique européen.</p></font>",1_7_1;4,"","1","","<b>A quel point cette organisation vous est-elle familière ? </b><br/>(1 = pas du tout familière)<br/>(7 = très familière)<br/><br/>; <b>A quel point trouvez-vous que les valeurs de cette organisation sont proches des vôtres ? </b><br/>(1 = pas du tout proches)<br/>(7 = très proches)<br/><br/> ; <b>A quel point appréciez-vous cette organisation ? </b><br/>(1 = je n'apprécie pas du tout)<br/>(7 = j'apprécie fortement)<br/><br/> ; <b>A quel point cette organisation vous est-elle, selon vous, familière à vos proches ? </b><br/>(1 = pas du tout familière)<br/>(7 = très familière)<br/><br/>; <b>A quel point vos proches trouveraient-ils, selon vous, que les valeurs de cette organisation sont proches des leurs ? </b><br/>(1 = pas du tout proches)<br/>(7 = très proches)<br/><br/> ; <b>A quel point vos proches apprécieraient-ils, selon vous, cette organisation ?</b><br/>(1 = ils n'apprécieraient pas du tout)<br/>(7 = ils apprécieraient fortement)","",.png,"1",<center>Veuillez évaluer l'organisation suivante</center>,"","","",0,"","",434210,2_5_4_3_4_4,28272,"0",2_5_4_3_4_4
14,WWF,form,"","","","","","","","","","","","","","","<b><font size=""6""><center>WWF</center></font></b>","<font size=""4""><p align=”justify”>Le WWF est l’une des toutes premières organisations indépendantes de protection de l’environnement dans le monde. Le WWF œuvre pour mettre un frein à la dégradation de l’environnement naturel de la planète et construire un avenir où les humains vivent en harmonie avec la nature, en conservant la diversité biologique mondiale, en assurant une utilisation soutenable des ressources naturelles renouvelables, et en faisant la promotion de la réduction de la pollution et du gaspillage. <br/><br/> WWF France mène, depuis 1973, des actions concrètes pour sauvegarder les milieux naturels et leurs espèces, assurer la promotion de modes de vie durables, former les décideurs, accompagner les entreprises dans la réduction de leur empreinte écologique, et éduquer les jeunes publics. <br/><br/>Le WWF France, Fondation reconnue d'utilité publique, œuvre pour une planète vivante depuis Paris, Marseille, les Alpes, la Guyane et la Nouvelle-Calédonie. Adepte d'une action fondée sur le dialogue et le respect de l'autre, le WWF adopte une approche globaliste prenant en compte l’interdépendance entre l'état de la planète et le développement humain.</p></font>",1_7_1;4,"","1","","<b>A quel point cette organisation vous est-elle familière ? </b><br/>(1 = pas du tout familière)<br/>(7 = très familière)<br/><br/>; <b>A quel point trouvez-vous que les valeurs de cette organisation sont proches des vôtres ? </b><br/>(1 = pas du tout proches)<br/>(7 = très proches)<br/><br/> ; <b>A quel point appréciez-vous cette organisation ? </b><br/>(1 = je n'apprécie pas du tout)<br/>(7 = j'apprécie fortement)<br/><br/> ; <b>A quel point cette organisation vous est-elle, selon vous, familière à vos proches ? </b><br/>(1 = pas du tout familière)<br/>(7 = très familière)<br/><br/>; <b>A quel point vos proches trouveraient-ils, selon vous, que les valeurs de cette organisation sont proches des leurs ? </b><br/>(1 = pas du tout proches)<br/>(7 = très proches)<br/><br/> ; <b>A quel point vos proches apprécieraient-ils, selon vous, cette organisation ?</b><br/>(1 = ils n'apprécieraient pas du tout)<br/>(7 = ils apprécieraient fortement)","",.png,"1",<center>Veuillez évaluer l'organisation suivante</center>,"","","",0,"","",458217,5_6_6_4_5_5,23477,"0",5_6_6_4_5_5
17,Mouvement Europeen France,form,"","","","","","","","","","","","","","","<b><font size=""6""><center>Mouvement Européen France</center></font></b>","<font size=""4""><p align=”justify”>Le Mouvement Européen – France se mobilise depuis 1950, à travers toutes les générations, pour faire vivre un débat public pluraliste sur l’Europe. Il déploie ses activités autour de la pédagogie, de l’organisation du débat entre les citoyens et de la formulation de propositions pour construire l’Europe. <br/><br/> Il rassemble des milliers de bénévoles réunis au sein de plus de 50 sections locales, une vingtaine d’organisations membres ainsi qu’un collège de personnalités qualifiées. Héritier de l’esprit des pères fondateurs de l’Europe, le Mouvement est le premier acteur de la société civile en France sur les enjeux européens. <br/><br/>Il se mobilise également à travers avec sa branche jeune, les Jeunes Européens – France, qui compte 26 groupes locaux répartis sur le territoire. Au niveau européen, le Mouvement Européen est également membre du Mouvement Européen – International, un réseau de 39 organisations qui font résonner notre engagement à travers le continent. Le Mouvement Européen-France est reconnu comme association d’intérêt général depuis le 22 juillet 2016 et est par ailleurs agréé « association éducative complémentaire de l’enseignement public ».</p></font>",1_7_1;4,"","1","","<b>A quel point cette organisation vous est-elle familière ? </b><br/>(1 = pas du tout familière)<br/>(7 = très familière)<br/><br/>; <b>A quel point trouvez-vous que les valeurs de cette organisation sont proches des vôtres ? </b><br/>(1 = pas du tout proches)<br/>(7 = très proches)<br/><br/> ; <b>A quel point appréciez-vous cette organisation ? </b><br/>(1 = je n'apprécie pas du tout)<br/>(7 = j'apprécie fortement)<br/><br/> ; <b>A quel point cette organisation vous est-elle, selon vous, familière à vos proches ? </b><br/>(1 = pas du tout familière)<br/>(7 = très familière)<br/><br/>; <b>A quel point vos proches trouveraient-ils, selon vous, que les valeurs de cette organisation sont proches des leurs ? </b><br/>(1 = pas du tout proches)<br/>(7 = très proches)<br/><br/> ; <b>A quel point vos proches apprécieraient-ils, selon vous, cette organisation ?</b><br/>(1 = ils n'apprécieraient pas du tout)<br/>(7 = ils apprécieraient fortement)","",.png,"1",<center>Veuillez évaluer l'organisation suivante</center>,"","","",0,"","",482202,1_4_4_1_4_4,23450,"0",1_4_4_1_4_4
19,Frexit,form,"","","","","","","","","","","","","","","<b><font size=""6""><center>Frexit</center></font></b>","<font size=""4""><p align=”justify”>FRANCE FREXIT est une initiative privée et totalement libre et indépendante, créée en Mars 2018 et visant à informer, rassembler, échanger, proposer sur la thématique du Frexit. En toute légalité, sans aucune violence, et dans le respect des Institutions. <br/><br/> Profitant de l’opportunité historique du Frexit, FRANCE FREXIT propose la réforme complète de la République et de l’Etat Français par une grande COORDINATION NATIONALE FRANCAISE, basée sur une nouvelle formule de Pouvoir, incluant une organisation réellement démocratique prenant le meilleur de la République et laissant le moins bon, et utilisant les moyens modernes de communication : votations, votations électroniques, tirages au sort,  ainsi que certains aspects monarchiques, principalement en terme de spiritualité et de transmission des valeurs universelles et traditionnelles de la France. <br/><br/>FRANCE FREXIT s’oppose politiquement aux partis euro-extrémistes et euro-identitaires que sont notamment LaREM, LR, MODEM, EELV, PS, UDI, Parti Radical. FRANCE FREXIT ne soutient pas pour autant les partis euro-alternatifs et autres partis-leurres que sont le RN, la LFI ou encore DLF, le NPA, LO et quelques autres partis euro-compatibles.</p></font>",1_7_1;4,"","1","","<b>A quel point cette organisation vous est-elle familière ? </b><br/>(1 = pas du tout familière)<br/>(7 = très familière)<br/><br/>; <b>A quel point trouvez-vous que les valeurs de cette organisation sont proches des vôtres ? </b><br/>(1 = pas du tout proches)<br/>(7 = très proches)<br/><br/> ; <b>A quel point appréciez-vous cette organisation ? </b><br/>(1 = je n'apprécie pas du tout)<br/>(7 = j'apprécie fortement)<br/><br/> ; <b>A quel point cette organisation vous est-elle, selon vous, familière à vos proches ? </b><br/>(1 = pas du tout familière)<br/>(7 = très familière)<br/><br/>; <b>A quel point vos proches trouveraient-ils, selon vous, que les valeurs de cette organisation sont proches des leurs ? </b><br/>(1 = pas du tout proches)<br/>(7 = très proches)<br/><br/> ; <b>A quel point vos proches apprécieraient-ils, selon vous, cette organisation ?</b><br/>(1 = ils n'apprécieraient pas du tout)<br/>(7 = ils apprécieraient fortement)","",.png,"1",<center>Veuillez évaluer l'organisation suivante</center>,"","","",0,"","",506919,2_1_1_2_1_1,24173,"0",2_1_1_2_1_1
16,Climato-realistes,form,"","","","","","","","","","","","","","","<b><font size=""6""><center>Climato-réalistes</center></font></b>","<font size=""4""><p align=”justify”>Apparu en France en 2015, le climatoréalisme voit dans le climat un objet de science et non d’idéologie. Les évolutions climatiques sont multiples et mal comprises, si bien que rien ne prouve que notre mode de vie causerait un « dérèglement climatique ». Le dire n’est pas de l’égoïsme, du déni ou de l’antiécologisme, mais du réalisme. Nous devons réfléchir à la meilleure manière d’utiliser nos ressources, et porter nos efforts là où ils sont vraiment utiles. <br/><br/> L’association des climato-réalistes a pour objet de promouvoir un débat ouvert et libre sur l’évolution du climat et les questions sociétales et environnementales qui s’y rapportent, en favorisant l’expression sous toutes ses formes d’avis rigoureux et argumentés. <br/><br/>L'association vise à sensibiliser le citoyen aux enjeux du climat et des politiques énergétiques menées au nom de la lutte contre le réchauffement climatique. L’association est apolitique et totalement libre dans l’expression de ses idées. Elle s’attache à diffuser une information fiable recueillie auprès de sources sérieuses.</p></font>",1_7_1;4,"","1","","<b>A quel point cette organisation vous est-elle familière ? </b><br/>(1 = pas du tout familière)<br/>(7 = très familière)<br/><br/>; <b>A quel point trouvez-vous que les valeurs de cette organisation sont proches des vôtres ? </b><br/>(1 = pas du tout proches)<br/>(7 = très proches)<br/><br/> ; <b>A quel point appréciez-vous cette organisation ? </b><br/>(1 = je n'apprécie pas du tout)<br/>(7 = j'apprécie fortement)<br/><br/> ; <b>A quel point cette organisation vous est-elle, selon vous, familière à vos proches ? </b><br/>(1 = pas du tout familière)<br/>(7 = très familière)<br/><br/>; <b>A quel point vos proches trouveraient-ils, selon vous, que les valeurs de cette organisation sont proches des leurs ? </b><br/>(1 = pas du tout proches)<br/>(7 = très proches)<br/><br/> ; <b>A quel point vos proches apprécieraient-ils, selon vous, cette organisation ?</b><br/>(1 = ils n'apprécieraient pas du tout)<br/>(7 = ils apprécieraient fortement)","",.png,"1",<center>Veuillez évaluer l'organisation suivante</center>,"","","",0,"","",542032,1_1_1_2_2_2,34576,"0",1_1_1_2_2_2
15,NIPCC,form,"","","","","","","","","","","","","","","<b><font size=""6""><center>Groupe d'experts non-gouvernemental sur l'évolution du climat (NIPCC)</center></font></b>","<font size=""4""><p align=”justify”>Le Groupe d'experts non-gouvernemental sur l'évolution du climat (NIPCC) est un groupe international de scientifiques et d'universitaires non gouvernementaux qui se sont réunis pour présenter une évaluation complète, fiable et réaliste de la science et de l'économie du réchauffement climatique. <br/><br/>Puisqu'il n'est pas une agence gouvernementale, et parce que ses membres ne sont pas prédisposés à croire que le changement climatique est causé par les émissions de gaz à effet de serre par l'homme, le NIPCC est en mesure d'offrir une ""seconde opinion"" indépendante des preuves examinées - ou non examinées - par le Groupe d'experts intergouvernemental sur l'évolution du climat (GIEC) sur la question du réchauffement climatique. <br/><br/>Depuis sa fondation en 2008, le NIPCC produit des publications et des rapports à destination des politiques publiques. Ces rapports visent, par exemple, à montrer que l’impact du réchauffement climatique provoqué par l’homme est bénin et pourrait être bénéfique pour l’humanité et le monde naturel ; que les preuves de la montée des eaux ne sont pas fiables ; ou qu’il n’existe pas de consensus scientifique dans le débat sur le changement climatique.</p></font>",1_7_1;4,"","1","","<b>A quel point cette organisation vous est-elle familière ? </b><br/>(1 = pas du tout familière)<br/>(7 = très familière)<br/><br/>; <b>A quel point trouvez-vous que les valeurs de cette organisation sont proches des vôtres ? </b><br/>(1 = pas du tout proches)<br/>(7 = très proches)<br/><br/> ; <b>A quel point appréciez-vous cette organisation ? </b><br/>(1 = je n'apprécie pas du tout)<br/>(7 = j'apprécie fortement)<br/><br/> ; <b>A quel point cette organisation vous est-elle, selon vous, familière à vos proches ? </b><br/>(1 = pas du tout familière)<br/>(7 = très familière)<br/><br/>; <b>A quel point vos proches trouveraient-ils, selon vous, que les valeurs de cette organisation sont proches des leurs ? </b><br/>(1 = pas du tout proches)<br/>(7 = très proches)<br/><br/> ; <b>A quel point vos proches apprécieraient-ils, selon vous, cette organisation ?</b><br/>(1 = ils n'apprécieraient pas du tout)<br/>(7 = ils apprécieraient fortement)","",.png,"1",<center>Veuillez évaluer l'organisation suivante</center>,"","","",0,"","",586947,1_1_1_1_1_1,44376,"0",1_1_1_1_1_1
145,"38",test,informationEvaluation,ITI,"500","<b><font size=""6""><center>La loi et l'opacité bancaire empêchent de savoir si le Livret Développement Durable et Solidaire finance des projets durables et solidaires</center></font></b>",above,allTrial,barre,0 0,"","","","","","","","",-100_100_1;0,nsg:1,"","10","","1",.bmp,"1","",#000000,#FFFFFF,0 0,500,"","",1253372,"28",18369,"",28
146,"38",test,informationReception,"","","<b><font size=""6""><center>La loi et l'opacité bancaire empêchent de savoir si le Livret Développement Durable et Solidaire finance des projets durables et solidaires</center></font></b>",above,allTrial,<html>,0 0,Je souhaite recevoir le complément d'informations,Je ne souhaite pas recevoir le complément d'informations,1;2,WTPtoReceive_23;WTPnotToReceive_23,"",below,"","","",nsg:1,"","10","","1",word,"1","",#000000,#FFFFFF,0 0,"","","",1254438,"1",1054,"",""
147,"38",test,WTPtoReceive,"","","<b><font size=""6""><center>La loi et l'opacité bancaire empêchent de savoir si le Livret Développement Durable et Solidaire finance des projets durables et solidaires</center></font></b>",above,allTrial,<html><center> Combien d'UME êtes-vous prêt(e) à payer pour recevoir le complément d'informations ?</center><br/><br/></html>,0 0,"","",RT>1,endTrial23,WTPtoReceive_23,below,"","",0_25_1;0,nsg:1,"","10","","1",word,"1","",#000000,#FFFFFF,0 0,"",0,0,1256767,"12",2316,"",12
195,"88",test,informationEvaluation,ITI,"500","<b><font size=""6""><center>Malgré une forte disproportion de leur taux chez les coureurs masculins, les tests de testostérone ne sont imposés qu’aux femmes</center></font></b>",above,allTrial,barre,0 0,"","","","","","","","",-100_100_1;0,nsg:1,"","20","","1",.bmp,"1","",#000000,#FFFFFF,0 0,500,0,0,1274591,-55,17294,"",-55
196,"88",test,informationReception,"","","<b><font size=""6""><center>Malgré une forte disproportion de leur taux chez les coureurs masculins, les tests de testostérone ne sont imposés qu’aux femmes</center></font></b>",above,allTrial,<html>,0 0,Je souhaite recevoir le complément d'informations,Je ne souhaite pas recevoir le complément d'informations,1;2,WTPtoReceive_53;WTPnotToReceive_53,"",below,"","","",nsg:1,"","20","","1",word,"1","",#000000,#FFFFFF,0 0,"",0,0,1275409,"1",808,"",""
197,"88",test,WTPtoReceive,"","","<b><font size=""6""><center>Malgré une forte disproportion de leur taux chez les coureurs masculins, les tests de testostérone ne sont imposés qu’aux femmes</center></font></b>",above,allTrial,<html><center> Combien d'UME êtes-vous prêt(e) à payer pour recevoir le complément d'informations ?</center><br/><br/></html>,0 0,"","",RT>1,endTrial53,WTPtoReceive_53,below,"","",0_25_1;0,nsg:1,"","20","","1",word,"1","",#000000,#FFFFFF,0 0,"",0,0,1277445,"12",2024,"",12
265,"136",test,informationEvaluation,ITI,"500","<b><font size=""6""><center>Il est demandé aux services hospitaliers d'enregistrer les gilets jaunes blessés lors des manifestations</center></font></b>",above,allTrial,barre,0 0,"","","","","","","","",-100_100_1;0,nsg:1,"","34","","1",.bmp,"1","",#000000,#FFFFFF,0 0,500,0,0,1286043,-86,8065,"",-86
266,"136",test,informationReception,"","","<b><font size=""6""><center>Il est demandé aux services hospitaliers d'enregistrer les gilets jaunes blessés lors des manifestations</center></font></b>",above,allTrial,<html>,0 0,Je souhaite recevoir le complément d'informations,Je ne souhaite pas recevoir le complément d'informations,1;2,WTPtoReceive_86;WTPnotToReceive_86,"",below,"","","",nsg:1,"","34","","1",word,"1","",#000000,#FFFFFF,0 0,"",0,0,1287176,"2",1123,"",""
268,"136",test,WTPnotToReceive,"","","<b><font size=""6""><center>Il est demandé aux services hospitaliers d'enregistrer les gilets jaunes blessés lors des manifestations</center></font></b>",above,allTrial,<html><center> Combien d'UME êtes-vous prêt(e) à payer pour ne pas recevoir le complément d'informations ?</center><br/><br/></html>,0 0,"","",RT>1,endTrial86,WTPnotToReceive_86,below,"","",0_25_1;0,nsg:1,"","34","","1",word,"1","",#000000,#FFFFFF,0 0,"",0,0,1288707,"12",1517,"",12
260,"134",test,informationEvaluation,ITI,"500","<b><font size=""6""><center>L'ONU a classé la France au même niveau que le Zimbabwe concernant les violences policières</center></font></b>",above,allTrial,barre,0 0,"","","","","","","","",-100_100_1;0,nsg:1,"","33","","1",.bmp,"1","",#000000,#FFFFFF,0 0,500,0,0,1295617,-78,6384,"",-78
261,"134",test,informationReception,"","","<b><font size=""6""><center>L'ONU a classé la France au même niveau que le Zimbabwe concernant les violences policières</center></font></b>",above,allTrial,<html>,0 0,Je souhaite recevoir le complément d'informations,Je ne souhaite pas recevoir le complément d'informations,1;2,WTPtoReceive_85;WTPnotToReceive_85,"",below,"","","",nsg:1,"","33","","1",word,"1","",#000000,#FFFFFF,0 0,"",0,0,1296750,"2",1122,"",""
263,"134",test,WTPnotToReceive,"","","<b><font size=""6""><center>L'ONU a classé la France au même niveau que le Zimbabwe concernant les violences policières</center></font></b>",above,allTrial,<html><center> Combien d'UME êtes-vous prêt(e) à payer pour ne pas recevoir le complément d'informations ?</center><br/><br/></html>,0 0,"","",RT>1,endTrial85,WTPnotToReceive_85,below,"","",0_25_1;0,nsg:1,"","33","","1",word,"1","",#000000,#FFFFFF,0 0,"",0,0,1298281,"12",1516,"",12
130,"27",test,informationEvaluation,ITI,"500","<b><font size=""6""><center>Le Conseil Supérieur des Programmes planche sur des recommandations pour l'enseignement du climat à l'école et au collège</center></font></b>",above,allTrial,barre,0 0,"","","","","","","","",-100_100_1;0,nsg:1,"","7","","1",.bmp,"1","",#000000,#FFFFFF,0 0,500,0,0,1309523,"60",10716,"",60
131,"27",test,informationReception,"","","<b><font size=""6""><center>Le Conseil Supérieur des Programmes planche sur des recommandations pour l'enseignement du climat à l'école et au collège</center></font></b>",above,allTrial,<html>,0 0,Je souhaite recevoir le complément d'informations,Je ne souhaite pas recevoir le complément d'informations,1;2,WTPtoReceive_18;WTPnotToReceive_18,"",below,"","","",nsg:1,"","7","","1",word,"1","",#000000,#FFFFFF,0 0,"",0,0,1311028,"1",1496,"",""
132,"27",test,WTPtoReceive,"","","<b><font size=""6""><center>Le Conseil Supérieur des Programmes planche sur des recommandations pour l'enseignement du climat à l'école et au collège</center></font></b>",above,allTrial,<html><center>Combien d'UME êtes-vous prêt(e) à payer pour recevoir le complément d'informations ?</center><br/><br/></html>,0 0,"","",RT>1,endTrial18,WTPtoReceive_18,below,"","",0_25_1;0,nsg:1,"","7","","1",word,"1","",#000000,#FFFFFF,0 0,"",0,0,1312885,"12",1844,"",12
135,"30",test,informationEvaluation,ITI,"500","<b><font size=""6""><center>Une plainte a été déposée contre des états pollueurs. Elle l'a été en vertu de la Convention Internationale des droits de l'enfant</center></font></b>",above,allTrial,barre,0 0,"","","","","","","","",-100_100_1;0,nsg:1,"","8","","1",.bmp,"1","",#000000,#FFFFFF,0 0,500,0,0,1320773,"79",7362,"",79
136,"30",test,informationReception,"","","<b><font size=""6""><center>Une plainte a été déposée contre des états pollueurs. Elle l'a été en vertu de la Convention Internationale des droits de l'enfant</center></font></b>",above,allTrial,<html>,0 0,Je souhaite recevoir le complément d'informations,Je ne souhaite pas recevoir le complément d'informations,1;2,WTPtoReceive_19;WTPnotToReceive_19,"",below,"","","",nsg:1,"","8","","1",word,"1","",#000000,#FFFFFF,0 0,"",0,0,1321682,"1",899,"",""
137,"30",test,WTPtoReceive,"","","<b><font size=""6""><center>Une plainte a été déposée contre des états pollueurs. Elle l'a été en vertu de la Convention Internationale des droits de l'enfant</center></font></b>",above,allTrial,<html><center>Combien d'UME êtes-vous prêt(e) à payer pour recevoir le complément d'informations ?</center><br/><br/></html>,0 0,"","",RT>1,endTrial19,WTPtoReceive_19,below,"","",0_25_1;0,nsg:1,"","8","","1",word,"1","",#000000,#FFFFFF,0 0,"",0,0,1322897,"12",1203,"",12
240,"123",test,informationEvaluation,ITI,"500","<b><font size=""6""><center>En tout, 56 partis Européens dont les opinions divergent se sont unis derrière la révolte contre l'autoritarisme de Bruxelles</center></font></b>",above,allTrial,barre,0 0,"","","","","","","","",-100_100_1;0,nsg:1,"","29","","1",.bmp,"1","",#000000,#FFFFFF,0 0,500,0,0,1335004,-100,11586,"",-100
241,"123",test,informationReception,"","","<b><font size=""6""><center>En tout, 56 partis Européens dont les opinions divergent se sont unis derrière la révolte contre l'autoritarisme de Bruxelles</center></font></b>",above,allTrial,<html>,0 0,Je souhaite recevoir le complément d'informations,Je ne souhaite pas recevoir le complément d'informations,1;2,WTPtoReceive_77;WTPnotToReceive_77,"",below,"","","",nsg:1,"","29","","1",word,"1","",#000000,#FFFFFF,0 0,"",0,0,1336306,"2",1293,"",""
243,"123",test,WTPnotToReceive,"","","<b><font size=""6""><center>En tout, 56 partis Européens dont les opinions divergent se sont unis derrière la révolte contre l'autoritarisme de Bruxelles</center></font></b>",above,allTrial,<html><center>Combien d'UME êtes-vous prêt(e) à payer pour ne pas recevoir le complément d'informations ?</center><br/><br/></html>,0 0,"","",RT>1,endTrial77,WTPnotToReceive_77,below,"","",0_25_1;0,nsg:1,"","29","","1",word,"1","",#000000,#FFFFFF,0 0,"",0,0,1337736,"12",1418,"",12
200,"95",test,informationEvaluation,ITI,"500","<b><font size=""6""><center>Selon un indice des égalités de genre des Nations unies, la France est classée 5e</center></font></b>",above,allTrial,barre,0 0,"","","","","","","","",-100_100_1;0,nsg:1,"","21","","1",.bmp,"1","",#000000,#FFFFFF,0 0,500,0,0,1345445,-45,7188,"",-45
201,"95",test,informationReception,"","","<b><font size=""6""><center>Selon un indice des égalités de genre des Nations unies, la France est classée 5e</center></font></b>",above,allTrial,<html>,0 0,Je souhaite recevoir le complément d'informations,Je ne souhaite pas recevoir le complément d'informations,1;2,WTPtoReceive_62;WTPnotToReceive_62,"",below,"","","",nsg:1,"","21","","1",word,"1","",#000000,#FFFFFF,0 0,"",0,0,1346398,"2",943,"",""
203,"95",test,WTPnotToReceive,"","","<b><font size=""6""><center>Selon un indice des égalités de genre des Nations unies, la France est classée 5e</center></font></b>",above,allTrial,<html><center>Combien d'UME êtes-vous prêt(e) à payer pour ne pas recevoir le complément d'informations ?</center><br/><br/></html>,0 0,"","",RT>1,endTrial62,WTPnotToReceive_62,below,"","",0_25_1;0,nsg:1,"","21","","1",word,"1","",#000000,#FFFFFF,0 0,"",0,0,1347558,"11",1141,"",11
330,"203",test,informationEvaluation,ITI,"500","<b><font size=""6""><center>Le secrétaire d'Etat au Numérique souhaite expérimenter la reconnaissance faciale en temps réel sur les images de vidéosurveillance</center></font></b>",above,allTrial,barre,0 0,"","","","","","","","",-100_100_1;0,nsg:1,"","47","","1",.bmp,"1","",#000000,#FFFFFF,0 0,500,0,0,1354017,-100,5939,"",-100
331,"203",test,informationReception,"","","<b><font size=""6""><center>Le secrétaire d'Etat au Numérique souhaite expérimenter la reconnaissance faciale en temps réel sur les images de vidéosurveillance</center></font></b>",above,allTrial,<html>,0 0,Je souhaite recevoir le complément d'informations,Je ne souhaite pas recevoir le complément d'informations,1;2,WTPtoReceive_112;WTPnotToReceive_112,"",below,"","","",nsg:1,"","47","","1",word,"1","",#000000,#FFFFFF,0 0,"",30,"16.65",1354577,"2",550,"",""
333,"203",test,WTPnotToReceive,"","","<b><font size=""6""><center>Le secrétaire d'Etat au Numérique souhaite expérimenter la reconnaissance faciale en temps réel sur les images de vidéosurveillance</center></font></b>",above,allTrial,<html><center>Combien d'UME êtes-vous prêt(e) à payer pour ne pas recevoir le complément d'informations ?</center><br/><br/></html>,0 0,"","",RT>1,endTrial112,WTPnotToReceive_112,below,"","",0_25_1;0,nsg:1,"","47","","1",word,"1","",#000000,#FFFFFF,0 0,"",0,0,1358155,"16",3565,"",16
225,"114",test,informationEvaluation,ITI,"500","<b><font size=""6""><center>La communauté de Valence, en Espagne, a forcé des étudiants espagnols a laisser leurs logements aux migrants de l’Aquarius</center></font></b>",above,allTrial,barre,0 0,"","","","","","","","",-100_100_1;0,nsg:1,"","26","","1",.bmp,"1","",#000000,#FFFFFF,0 0,500,0,0,1367847,-59,9162,"",-59
226,"114",test,informationReception,"","","<b><font size=""6""><center>La communauté de Valence, en Espagne, a forcé des étudiants espagnols a laisser leurs logements aux migrants de l’Aquarius</center></font></b>",above,allTrial,<html>,0 0,Je souhaite recevoir le complément d'informations,Je ne souhaite pas recevoir le complément d'informations,1;2,WTPtoReceive_74;WTPnotToReceive_74,"",below,"","","",nsg:1,"","26","","1",word,"1","",#000000,#FFFFFF,0 0,"",0,0,1368540,"1",679,"",""
227,"114",test,WTPtoReceive,"","","<b><font size=""6""><center>La communauté de Valence, en Espagne, a forcé des étudiants espagnols a laisser leurs logements aux migrants de l’Aquarius</center></font></b>",above,allTrial,<html><center> Combien d'UME êtes-vous prêt(e) à payer pour recevoir le complément d'informations ?</center><br/><br/></html>,0 0,"","",RT>1,endTrial74,WTPtoReceive_74,below,"","",0_25_1;0,nsg:1,"","26","","1",word,"1","",#000000,#FFFFFF,0 0,"",30,"16.65",1369633,"12",1075,"",12
290,"163",test,informationEvaluation,ITI,"500","<b><font size=""6""><center>40% des Français pourraient être favorables à un régime politique autoritaire si les conditions le permettaient</center></font></b>",above,allTrial,barre,0 0,"","","","","","","","",-100_100_1;0,nsg:1,"","39","","1",.bmp,"1","",#000000,#FFFFFF,0 0,500,0,0,1380310,"45",10146,"",45
291,"163",test,informationReception,"","","<b><font size=""6""><center>40% des Français pourraient être favorables à un régime politique autoritaire si les conditions le permettaient</center></font></b>",above,allTrial,<html>,0 0,Je souhaite recevoir le complément d'informations,Je ne souhaite pas recevoir le complément d'informations,1;2,WTPtoReceive_95;WTPnotToReceive_95,"",below,"","","",nsg:1,"","39","","1",word,"1","",#000000,#FFFFFF,0 0,"",0,0,1384515,"1",4192,"",""
292,"163",test,WTPtoReceive,"","","<b><font size=""6""><center>40% des Français pourraient être favorables à un régime politique autoritaire si les conditions le permettaient</center></font></b>",above,allTrial,<html><center>Combien d'UME êtes-vous prêt(e) à payer pour recevoir le complément d'informations ?</center><br/><br/></html>,0 0,"","",RT>1,endTrial95,WTPtoReceive_95,below,"","",0_25_1;0,nsg:1,"","39","","1",word,"1","",#000000,#FFFFFF,0 0,"",0,0,1387520,"19",2990,"",19
275,"147",test,informationEvaluation,ITI,"500","<b><font size=""6""><center>La loi fake news pourrait permettre de porter plainte contre Le Pen et Dupont-Aignan concernant plusieurs propos sur des pactes européens</center></font></b>",above,allTrial,barre,0 0,"","","","","","","","",-100_100_1;0,nsg:1,"","36","","1",.bmp,"1","",#000000,#FFFFFF,0 0,500,30,"16.65",1399899,"21",11852,"",21
276,"147",test,informationReception,"","","<b><font size=""6""><center>La loi fake news pourrait permettre de porter plainte contre Le Pen et Dupont-Aignan concernant plusieurs propos sur des pactes européens</center></font></b>",above,allTrial,<html>,0 0,Je souhaite recevoir le complément d'informations,Je ne souhaite pas recevoir le complément d'informations,1;2,WTPtoReceive_88;WTPnotToReceive_88,"",below,"","","",nsg:1,"","36","","1",word,"1","",#000000,#FFFFFF,0 0,"",0,0,1400591,"1",678,"",""
277,"147",test,WTPtoReceive,"","","<b><font size=""6""><center>La loi fake news pourrait permettre de porter plainte contre Le Pen et Dupont-Aignan concernant plusieurs propos sur des pactes européens</center></font></b>",above,allTrial,<html><center> Combien d'UME êtes-vous prêt(e) à payer pour recevoir le complément d'informations ?</center><br/><br/></html>,0 0,"","",RT>1,endTrial88,WTPtoReceive_88,below,"","",0_25_1;0,nsg:1,"","36","","1",word,"1","",#000000,#FFFFFF,0 0,"",0,0,1402088,"16",1478,"",16
295,"168",test,informationEvaluation,ITI,"500","<b><font size=""6""><center>Les dépenses fiscales prévues en 2019 pour le Crédit d'Impôt pour la Transition Energétique a été réduit d'un tiers par le gouvernement</center></font></b>",above,allTrial,barre,0 0,"","","","","","","","",-100_100_1;0,nsg:1,"","40","","1",.bmp,"1","",#000000,#FFFFFF,0 0,500,0,0,1416851,-51,14233,"",-51
296,"168",test,informationReception,"","","<b><font size=""6""><center>Les dépenses fiscales prévues en 2019 pour le Crédit d'Impôt pour la Transition Energétique a été réduit d'un tiers par le gouvernement</center></font></b>",above,allTrial,<html>,0 0,Je souhaite recevoir le complément d'informations,Je ne souhaite pas recevoir le complément d'informations,1;2,WTPtoReceive_97;WTPnotToReceive_97,"",below,"","","",nsg:1,"","40","","1",word,"1","",#000000,#FFFFFF,0 0,"",29,"17.22",1417378,"1",514,"",""
297,"168",test,WTPtoReceive,"","","<b><font size=""6""><center>Les dépenses fiscales prévues en 2019 pour le Crédit d'Impôt pour la Transition Energétique a été réduit d'un tiers par le gouvernement</center></font></b>",above,allTrial,<html><center>Combien d'UME êtes-vous prêt(e) à payer pour recevoir le complément d'informations ?</center><br/><br/></html>,0 0,"","",RT>1,endTrial97,WTPtoReceive_97,below,"","",0_25_1;0,nsg:1,"","40","","1",word,"1","",#000000,#FFFFFF,0 0,"",0,0,1419280,"18",1886,"",18
315,"181",test,informationEvaluation,ITI,"500","<b><font size=""6""><center>Tunis étant vulnérable aux changements climatiques et à l'élévation du niveau des mers, elle risque d'être engloutie d'ici 2050 selon l'ONU</center></font></b>",above,allTrial,barre,0 0,"","","","","","","","",-100_100_1;0,nsg:1,"","44","","1",.bmp,"1","",#000000,#FFFFFF,0 0,500,0,0,1436787,"39",16973,"",39
316,"181",test,informationReception,"","","<b><font size=""6""><center>Tunis étant vulnérable aux changements climatiques et à l'élévation du niveau des mers, elle risque d'être engloutie d'ici 2050 selon l'ONU</center></font></b>",above,allTrial,<html>,0 0,Je souhaite recevoir le complément d'informations,Je ne souhaite pas recevoir le complément d'informations,1;2,WTPtoReceive_104;WTPnotToReceive_104,"",below,"","","",nsg:1,"","44","","1",word,"1","",#000000,#FFFFFF,0 0,"",0,0,1437853,"2",1054,"",""
318,"181",test,WTPnotToReceive,"","","<b><font size=""6""><center>Tunis étant vulnérable aux changements climatiques et à l'élévation du niveau des mers, elle risque d'être engloutie d'ici 2050 selon l'ONU</center></font></b>",above,allTrial,<html><center> Combien d'UME êtes-vous prêt(e) à payer pour ne pas recevoir le complément d'informations ?</center><br/><br/></html>,0 0,"","",RT>1,endTrial104,WTPnotToReceive_104,below,"","",0_25_1;0,nsg:1,"","44","","1",word,"1","",#000000,#FFFFFF,0 0,"",30,"16.65",1439372,"15",1503,"",15
280,"159",test,informationEvaluation,ITI,"500","<b><font size=""6""><center>En France, la neutralité du net n'est pas encore inscrite dans le cadre légal</center></font></b>",above,allTrial,barre,0 0,"","","","","","","","",-100_100_1;0,nsg:1,"","37","","1",.bmp,"1","",#000000,#FFFFFF,0 0,500,0,0,1453054,-50,13154,"",-50
281,"159",test,informationReception,"","","<b><font size=""6""><center>En France, la neutralité du net n'est pas encore inscrite dans le cadre légal</center></font></b>",above,allTrial,<html>,0 0,Je souhaite recevoir le complément d'informations,Je ne souhaite pas recevoir le complément d'informations,1;2,WTPtoReceive_90;WTPnotToReceive_90,"",below,"","","",nsg:1,"","37","","1",word,"1","",#000000,#FFFFFF,0 0,"",0,0,1453817,"1",752,"",""
282,"159",test,WTPtoReceive,"","","<b><font size=""6""><center>En France, la neutralité du net n'est pas encore inscrite dans le cadre légal</center></font></b>",above,allTrial,<html><center>Combien d'UME êtes-vous prêt(e) à payer pour recevoir le complément d'informations ?</center><br/><br/></html>,0 0,"","",RT>1,endTrial90,WTPtoReceive_90,below,"","",0_25_1;0,nsg:1,"","37","","1",word,"1","",#000000,#FFFFFF,0 0,"",0,0,1457036,"8",3202,"",8
210,"100",test,informationEvaluation,ITI,"500","<b><font size=""6""><center>Les personnes transgenre peuvent donner leur sang sans contraintes particulières</center></font></b>",above,allTrial,barre,0 0,"","","","","","","","",-100_100_1;0,nsg:1,"","23","","1",.bmp,"1","",#000000,#FFFFFF,0 0,500,30,"16.65",1483985,"13",26425,"",13
211,"100",test,informationReception,"","","<b><font size=""6""><center>Les personnes transgenre peuvent donner leur sang sans contraintes particulières</center></font></b>",above,allTrial,<html>,0 0,Je souhaite recevoir le complément d'informations,Je ne souhaite pas recevoir le complément d'informations,1;2,WTPtoReceive_68;WTPnotToReceive_68,"",below,"","","",nsg:1,"","23","","1",word,"1","",#000000,#FFFFFF,0 0,"",0,0,1485297,"1",1296,"",""
212,"100",test,WTPtoReceive,"","","<b><font size=""6""><center>Les personnes transgenre peuvent donner leur sang sans contraintes particulières</center></font></b>",above,allTrial,<html><center>Combien d'UME êtes-vous prêt(e) à payer pour recevoir le complément d'informations ?</center><br/><br/></html>,0 0,"","",RT>1,endTrial68,WTPtoReceive_68,below,"","",0_25_1;0,nsg:1,"","23","","1",word,"1","",#000000,#FFFFFF,0 0,"",0,0,1486557,"4",1243,"",4
120,"19",test,informationEvaluation,ITI,"500","<b><font size=""6""><center>En France, seuls 10% des déchets plastiques sont recyclés</center></font></b>",above,allTrial,barre,0 0,"","","","","","","","",-100_100_1;0,nsg:1,"","5","","1",.bmp,"1","",#000000,#FFFFFF,0 0,500,0,0,1496179,-33,9092,"",-33
121,"19",test,informationReception,"","","<b><font size=""6""><center>En France, seuls 10% des déchets plastiques sont recyclés</center></font></b>",above,allTrial,<html>,0 0,Je souhaite recevoir le complément d'informations,Je ne souhaite pas recevoir le complément d'informations,1;2,WTPtoReceive_12;WTPnotToReceive_12,"",below,"","","",nsg:1,"","5","","1",word,"1","",#000000,#FFFFFF,0 0,"",30,"16.65",1496896,"1",701,"",""
122,"19",test,WTPtoReceive,"","","<b><font size=""6""><center>En France, seuls 10% des déchets plastiques sont recyclés</center></font></b>",above,allTrial,<html><center>Combien d'UME êtes-vous prêt(e) à payer pour recevoir le complément d'informations ?</center><br/><br/></html>,0 0,"","",RT>1,endTrial12,WTPtoReceive_12,below,"","",0_25_1;0,nsg:1,"","5","","1",word,"1","",#000000,#FFFFFF,0 0,"",0,0,1498067,"6",1154,"",6
215,"108",test,informationEvaluation,ITI,"500","<b><font size=""6""><center>25 sur 35 des groupes facebook associées aux gilets jaunes ont été créés de manière coordonnée dix mois avant le début du mouvement</center></font></b>",above,allTrial,barre,0 0,"","","","","","","","",-100_100_1;0,nsg:1,"","24","","1",.bmp,"1","",#000000,#FFFFFF,0 0,500,0,0,1506033,-100,7439,"",-100
216,"108",test,informationReception,"","","<b><font size=""6""><center>25 sur 35 des groupes facebook associées aux gilets jaunes ont été créés de manière coordonnée dix mois avant le début du mouvement</center></font></b>",above,allTrial,<html>,0 0,Je souhaite recevoir le complément d'informations,Je ne souhaite pas recevoir le complément d'informations,1;2,WTPtoReceive_69;WTPnotToReceive_69,"",below,"","","",nsg:1,"","24","","1",word,"1","",#000000,#FFFFFF,0 0,"",0,0,1507145,"2",1099,"",""
218,"108",test,WTPnotToReceive,"","","<b><font size=""6""><center>25 sur 35 des groupes facebook associées aux gilets jaunes ont été créés de manière coordonnée dix mois avant le début du mouvement</center></font></b>",above,allTrial,<html><center>Combien d'UME êtes-vous prêt(e) à payer pour ne pas recevoir le complément d'informations ?</center><br/><br/></html>,0 0,"","",RT>1,endTrial69,WTPnotToReceive_69,below,"","",0_25_1;0,nsg:1,"","24","","1",word,"1","",#000000,#FFFFFF,0 0,"",30,"16.65",1509383,"4",2223,"",4
115,"12",test,informationEvaluation,ITI,"500","<b><font size=""6""><center>Malgré le Dieselgate, le système de contrôle des normes d'émissions, en Union Européenne, n'est pas considéré comme défaillant</center></font></b>",above,allTrial,barre,0 0,"","","","","","","","",-100_100_1;0,nsg:1,"","4","","1",.bmp,"1","",#000000,#FFFFFF,0 0,500,0,0,1531762,"27",21847,"",27
116,"12",test,informationReception,"","","<b><font size=""6""><center>Malgré le Dieselgate, le système de contrôle des normes d'émissions, en Union Européenne, n'est pas considéré comme défaillant</center></font></b>",above,allTrial,<html>,0 0,Je souhaite recevoir le complément d'informations,Je ne souhaite pas recevoir le complément d'informations,1;2,WTPtoReceive_7;WTPnotToReceive_7,"",below,"","","",nsg:1,"","4","","1",word,"1","",#000000,#FFFFFF,0 0,"",0,0,1532435,"1",661,"",""
117,"12",test,WTPtoReceive,"","","<b><font size=""6""><center>Malgré le Dieselgate, le système de contrôle des normes d'émissions, en Union Européenne, n'est pas considéré comme défaillant</center></font></b>",above,allTrial,<html><center> Combien d'UME êtes-vous prêt(e) à payer pour recevoir le complément d'informations ?</center><br/><br/></html>,0 0,"","",RT>1,endTrial7,WTPtoReceive_7,below,"","",0_25_1;0,nsg:1,"","4","","1",word,"1","",#000000,#FFFFFF,0 0,"",0,0,1534438,"7",1988,"",7
255,"129",test,informationEvaluation,ITI,"500","<b><font size=""6""><center>Ces dernières années, 2/5 des cadres chez Les Républicains ont pris leurs distances avec leur parti</center></font></b>",above,allTrial,barre,0 0,"","","","","","","","",-100_100_1;0,nsg:1,"","32","","1",.bmp,"1","",#000000,#FFFFFF,0 0,500,30,"16.65",1548009,"41",13034,"",41
256,"129",test,informationReception,"","","<b><font size=""6""><center>Ces dernières années, 2/5 des cadres chez Les Républicains ont pris leurs distances avec leur parti</center></font></b>",above,allTrial,<html>,0 0,Je souhaite recevoir le complément d'informations,Je ne souhaite pas recevoir le complément d'informations,1;2,WTPtoReceive_81;WTPnotToReceive_81,"",below,"","","",nsg:1,"","32","","1",word,"1","",#000000,#FFFFFF,0 0,"",0,0,1549490,"2",1470,"",""
258,"129",test,WTPnotToReceive,"","","<b><font size=""6""><center>Ces dernières années, 2/5 des cadres chez Les Républicains ont pris leurs distances avec leur parti</center></font></b>",above,allTrial,<html><center>Combien d'UME êtes-vous prêt(e) à payer pour ne pas recevoir le complément d'informations ?</center><br/><br/></html>,0 0,"","",RT>1,endTrial81,WTPnotToReceive_81,below,"","",0_25_1;0,nsg:1,"","32","","1",word,"1","",#000000,#FFFFFF,0 0,"",0,0,1550638,"9",1136,"",9
305,"177",test,informationEvaluation,ITI,"500","<b><font size=""6""><center>A cause des feux, les écosystèmes d’Amazonie émettent en 2019 plus de CO2 qu'ils en capturent</center></font></b>",above,allTrial,barre,0 0,"","","","","","","","",-100_100_1;0,nsg:1,"","42","","1",.bmp,"1","",#000000,#FFFFFF,0 0,500,0,0,1557840,"20",6684,"",20
306,"177",test,informationReception,"","","<b><font size=""6""><center>A cause des feux, les écosystèmes d’Amazonie émettent en 2019 plus de CO2 qu'ils en capturent</center></font></b>",above,allTrial,<html>,0 0,Je souhaite recevoir le complément d'informations,Je ne souhaite pas recevoir le complément d'informations,1;2,WTPtoReceive_100;WTPnotToReceive_100,"",below,"","","",nsg:1,"","42","","1",word,"1","",#000000,#FFFFFF,0 0,"",30,"16.65",1558501,"1",650,"",""
307,"177",test,WTPtoReceive,"","","<b><font size=""6""><center>A cause des feux, les écosystèmes d’Amazonie émettent en 2019 plus de CO2 qu'ils en capturent</center></font></b>",above,allTrial,<html><center> Combien d'UME êtes-vous prêt(e) à payer pour recevoir le complément d'informations ?</center><br/><br/></html>,0 0,"","",RT>1,endTrial100,WTPtoReceive_100,below,"","",0_25_1;0,nsg:1,"","42","","1",word,"1","",#000000,#FFFFFF,0 0,"",0,0,1560020,"8",1504,"",8
160,"68",test,informationEvaluation,ITI,"500","<b><font size=""6""><center>A Paris, début 2020, plusieurs universitaires ont été brutalisés à cause d'une croix qu'ils portaient à leur cou</center></font></b>",above,allTrial,barre,0 0,"","","","","","","","",-100_100_1;0,nsg:1,"","13","","1",.bmp,"1","",#000000,#FFFFFF,0 0,500,0,0,1568372,-100,7824,"",-100
161,"68",test,informationReception,"","","<b><font size=""6""><center>A Paris, début 2020, plusieurs universitaires ont été brutalisés à cause d'une croix qu'ils portaient à leur cou</center></font></b>",above,allTrial,<html>,0 0,Je souhaite recevoir le complément d'informations,Je ne souhaite pas recevoir le complément d'informations,1;2,WTPtoReceive_30;WTPnotToReceive_30,"",below,"","","",nsg:1,"","13","","1",word,"1","",#000000,#FFFFFF,0 0,"",0,0,1570247,"2",1859,"",""
163,"68",test,WTPnotToReceive,"","","<b><font size=""6""><center>A Paris, début 2020, plusieurs universitaires ont été brutalisés à cause d'une croix qu'ils portaient à leur cou</center></font></b>",above,allTrial,<html><center>Combien d'UME êtes-vous prêt(e) à payer pour ne pas recevoir le complément d'informations ?</center><br/><br/></html>,0 0,"","",RT>1,endTrial30,WTPnotToReceive_30,below,"","",0_25_1;0,nsg:1,"","13","","1",word,"1","",#000000,#FFFFFF,0 0,"",30,"16.65",1571946,"4",1681,"",4
335,"208",test,informationEvaluation,ITI,"500","<b><font size=""6""><center>La nouvelle application de services publics ALICEM, avec authentification biométrique, pourrait être employée à des fins sécuritaires</center></font></b>",above,allTrial,barre,0 0,"","","","","","","","",-100_100_1;0,nsg:1,"","48","","1",.bmp,"1","",#000000,#FFFFFF,0 0,500,0,0,1582232,-55,9757,"",-55
336,"208",test,informationReception,"","","<b><font size=""6""><center>La nouvelle application de services publics ALICEM, avec authentification biométrique, pourrait être employée à des fins sécuritaires</center></font></b>",above,allTrial,<html>,0 0,Je souhaite recevoir le complément d'informations,Je ne souhaite pas recevoir le complément d'informations,1;2,WTPtoReceive_113;WTPnotToReceive_113,"",below,"","","",nsg:1,"","48","","1",word,"1","",#000000,#FFFFFF,0 0,"",0,0,1583240,"2",997,"",""
338,"208",test,WTPnotToReceive,"","","<b><font size=""6""><center>La nouvelle application de services publics ALICEM, avec authentification biométrique, pourrait être employée à des fins sécuritaires</center></font></b>",above,allTrial,<html><center>Combien d'UME êtes-vous prêt(e) à payer pour ne pas recevoir le complément d'informations ?</center><br/><br/></html>,0 0,"","",RT>1,endTrial113,WTPnotToReceive_113,below,"","",0_25_1;0,nsg:1,"","48","","1",word,"1","",#000000,#FFFFFF,0 0,"",0,0,1586436,"7",3180,"",7
170,"75",test,informationEvaluation,ITI,"500","<b><font size=""6""><center>En 40 ans, le nombre de femmes siégeant au Parlement européen a augmenté de 24 points. Leur nombre atteint les 40%</center></font></b>",above,allTrial,barre,0 0,"","","","","","","","",-100_100_1;0,nsg:1,"","15","","1",.bmp,"1","",#000000,#FFFFFF,0 0,500,30,"16.65",1607547,-53,20589,"",-53
171,"75",test,informationReception,"","","<b><font size=""6""><center>En 40 ans, le nombre de femmes siégeant au Parlement européen a augmenté de 24 points. Leur nombre atteint les 40%</center></font></b>",above,allTrial,<html>,0 0,Je souhaite recevoir le complément d'informations,Je ne souhaite pas recevoir le complément d'informations,1;2,WTPtoReceive_34;WTPnotToReceive_34,"",below,"","","",nsg:1,"","15","","1",word,"1","",#000000,#FFFFFF,0 0,"",0,0,1607847,"1",284,"",""
172,"75",test,WTPtoReceive,"","","<b><font size=""6""><center>En 40 ans, le nombre de femmes siégeant au Parlement européen a augmenté de 24 points. Leur nombre atteint les 40%</center></font></b>",above,allTrial,<html><center>Combien d'UME êtes-vous prêt(e) à payer pour recevoir le complément d'informations ?</center><br/><br/></html>,0 0,"","",RT>1,endTrial34,WTPtoReceive_34,below,"","",0_25_1;0,nsg:1,"","15","","1",word,"1","",#000000,#FFFFFF,0 0,"",0,0,1610570,"12",2701,"",12
175,"77",test,informationEvaluation,ITI,"500","<b><font size=""6""><center>La distribution gratuite de produits d’hygiène menstruelle devrait être bientôt expérimentée dans les écoles, hôpitaux et prisons françaises</center></font></b>",above,allTrial,barre,0 0,"","","","","","","","",-100_100_1;0,nsg:1,"","16","","1",.bmp,"1","",#000000,#FFFFFF,0 0,500,0,0,1622857,"36",11754,"",36
176,"77",test,informationReception,"","","<b><font size=""6""><center>La distribution gratuite de produits d’hygiène menstruelle devrait être bientôt expérimentée dans les écoles, hôpitaux et prisons françaises</center></font></b>",above,allTrial,<html>,0 0,Je souhaite recevoir le complément d'informations,Je ne souhaite pas recevoir le complément d'informations,1;2,WTPtoReceive_36;WTPnotToReceive_36,"",below,"","","",nsg:1,"","16","","1",word,"1","",#000000,#FFFFFF,0 0,"",30,"16.65",1623597,"1",727,"",""
177,"77",test,WTPtoReceive,"","","<b><font size=""6""><center>La distribution gratuite de produits d’hygiène menstruelle devrait être bientôt expérimentée dans les écoles, hôpitaux et prisons françaises</center></font></b>",above,allTrial,<html><center>Combien d'UME êtes-vous prêt(e) à payer pour recevoir le complément d'informations ?</center><br/><br/></html>,0 0,"","",RT>1,endTrial36,WTPtoReceive_36,below,"","",0_25_1;0,nsg:1,"","16","","1",word,"1","",#000000,#FFFFFF,0 0,"",0,0,1627636,"7",4022,"",7
105,"2",test,informationEvaluation,ITI,"500","<b><font size=""6""><center>Une plainte a pu être déposée contre plusieurs états pollueurs pour inaction climatique</center></font></b>",above,allTrial,barre,0 0,"","","","","","","","",-100_100_1;0,nsg:1,"","2","","1",.bmp,"1","",#000000,#FFFFFF,0 0,500,0,0,1633275,"79",5105,"",79
106,"2",test,informationReception,"","","<b><font size=""6""><center>Une plainte a pu être déposée contre plusieurs états pollueurs pour inaction climatique</center></font></b>",above,allTrial,<html>,0 0,Je souhaite recevoir le complément d'informations,Je ne souhaite pas recevoir le complément d'informations,1;2,WTPtoReceive_2;WTPnotToReceive_2,"",below,"","","",nsg:1,"","2","","1",word,"1","",#000000,#FFFFFF,0 0,"",0,0,1634351,"2",1065,"",""
108,"2",test,WTPnotToReceive,"","","<b><font size=""6""><center>Une plainte a pu être déposée contre plusieurs états pollueurs pour inaction climatique</center></font></b>",above,allTrial,<html><center> Combien d'UME êtes-vous prêt(e) à payer pour ne pas recevoir le complément d'informations ?</center><br/><br/></html>,0 0,"","",RT>1,endTrial2,WTPnotToReceive_2,below,"","",0_25_1;0,nsg:1,"","2","","1",word,"1","",#000000,#FFFFFF,0 0,"",30,"16.65",1636164,"8",1798,"",8
110,"7",test,informationEvaluation,ITI,"500","<b><font size=""6""><center>La France soutient encore les énergies fossiles via les exonérations fiscales dont bénéficient certains secteurs</center></font></b>",above,allTrial,barre,0 0,"","","","","","","","",-100_100_1;0,nsg:1,"","3","","1",.bmp,"1","",#000000,#FFFFFF,0 0,500,0,0,1641780,-60,5079,"",-60
111,"7",test,informationReception,"","","<b><font size=""6""><center>La France soutient encore les énergies fossiles via les exonérations fiscales dont bénéficient certains secteurs</center></font></b>",above,allTrial,<html>,0 0,Je souhaite recevoir le complément d'informations,Je ne souhaite pas recevoir le complément d'informations,1;2,WTPtoReceive_3;WTPnotToReceive_3,"",below,"","","",nsg:1,"","3","","1",word,"1","",#000000,#FFFFFF,0 0,"",0,0,1642811,"1",1018,"",""
112,"7",test,WTPtoReceive,"","","<b><font size=""6""><center>La France soutient encore les énergies fossiles via les exonérations fiscales dont bénéficient certains secteurs</center></font></b>",above,allTrial,<html><center> Combien d'UME êtes-vous prêt(e) à payer pour recevoir le complément d'informations ?</center><br/><br/></html>,0 0,"","",RT>1,endTrial3,WTPtoReceive_3,below,"","",0_25_1;0,nsg:1,"","3","","1",word,"1","",#000000,#FFFFFF,0 0,"",0,0,1644950,"12",2122,"",12
205,"99",test,informationEvaluation,ITI,"500","<b><font size=""6""><center>Les lesbiennes peuvent donner leur sang, sans contrainte particulière. Ce n'est pas encore le cas des hommes homosexuels</center></font></b>",above,allTrial,barre,0 0,"","","","","","","","",-100_100_1;0,nsg:1,"","22","","1",.bmp,"1","",#000000,#FFFFFF,0 0,500,30,"16.65",1654155,"55",8683,"",55
206,"99",test,informationReception,"","","<b><font size=""6""><center>Les lesbiennes peuvent donner leur sang, sans contrainte particulière. Ce n'est pas encore le cas des hommes homosexuels</center></font></b>",above,allTrial,<html>,0 0,Je souhaite recevoir le complément d'informations,Je ne souhaite pas recevoir le complément d'informations,1;2,WTPtoReceive_64;WTPnotToReceive_64,"",below,"","","",nsg:1,"","22","","1",word,"1","",#000000,#FFFFFF,0 0,"",0,0,1655063,"1",896,"",""
207,"99",test,WTPtoReceive,"","","<b><font size=""6""><center>Les lesbiennes peuvent donner leur sang, sans contrainte particulière. Ce n'est pas encore le cas des hommes homosexuels</center></font></b>",above,allTrial,<html><center>Combien d'UME êtes-vous prêt(e) à payer pour recevoir le complément d'informations ?</center><br/><br/></html>,0 0,"","",RT>1,endTrial64,WTPtoReceive_64,below,"","",0_25_1;0,nsg:1,"","22","","1",word,"1","",#000000,#FFFFFF,0 0,"",0,0,1656874,"10",1796,"",10
235,"120",test,informationEvaluation,ITI,"500","<b><font size=""6""><center>Le système de vote le plus fréquent en Europe est le ""vote préférentiel"", consistant à classer des candidats par ordre de préférence</center></font></b>",above,allTrial,barre,0 0,"","","","","","","","",-100_100_1;0,nsg:1,"","28","","1",.bmp,"1","",#000000,#FFFFFF,0 0,500,0,0,1666441,-50,9035,"",-50
236,"120",test,informationReception,"","","<b><font size=""6""><center>Le système de vote le plus fréquent en Europe est le ""vote préférentiel"", consistant à classer des candidats par ordre de préférence</center></font></b>",above,allTrial,<html>,0 0,Je souhaite recevoir le complément d'informations,Je ne souhaite pas recevoir le complément d'informations,1;2,WTPtoReceive_76;WTPnotToReceive_76,"",below,"","","",nsg:1,"","28","","1",word,"1","",#000000,#FFFFFF,0 0,"",30,"16.65",1667573,"2",1119,"",""
238,"120",test,WTPnotToReceive,"","","<b><font size=""6""><center>Le système de vote le plus fréquent en Europe est le ""vote préférentiel"", consistant à classer des candidats par ordre de préférence</center></font></b>",above,allTrial,<html><center> Combien d'UME êtes-vous prêt(e) à payer pour ne pas recevoir le complément d'informations ?</center><br/><br/></html>,0 0,"","",RT>1,endTrial76,WTPnotToReceive_76,below,"","",0_25_1;0,nsg:1,"","28","","1",word,"1","",#000000,#FFFFFF,0 0,"",0,0,1668722,"9",1134,"",9
250,"126",test,informationEvaluation,ITI,"500","<b><font size=""6""><center>Les élus de la ligue italienne et du Brexit Party font partie des eurodéputés les plus «riches»</center></font></b>",above,allTrial,barre,0 0,"","","","","","","","",-100_100_1;0,nsg:1,"","31","","1",.bmp,"1","",#000000,#FFFFFF,0 0,500,0,0,1678062,-52,8810,"",-52
251,"126",test,informationReception,"","","<b><font size=""6""><center>Les élus de la ligue italienne et du Brexit Party font partie des eurodéputés les plus «riches»</center></font></b>",above,allTrial,<html>,0 0,Je souhaite recevoir le complément d'informations,Je ne souhaite pas recevoir le complément d'informations,1;2,WTPtoReceive_80;WTPnotToReceive_80,"",below,"","","",nsg:1,"","31","","1",word,"1","",#000000,#FFFFFF,0 0,"",0,0,1678925,"2",849,"",""
253,"126",test,WTPnotToReceive,"","","<b><font size=""6""><center>Les élus de la ligue italienne et du Brexit Party font partie des eurodéputés les plus «riches»</center></font></b>",above,allTrial,<html><center>Combien d'UME êtes-vous prêt(e) à payer pour ne pas recevoir le complément d'informations ?</center><br/><br/></html>,0 0,"","",RT>1,endTrial80,WTPnotToReceive_80,below,"","",0_25_1;0,nsg:1,"","31","","1",word,"1","",#000000,#FFFFFF,0 0,"",30,"16.65",1681051,"8",2110,"",8
285,"162",test,informationEvaluation,ITI,"500","<b><font size=""6""><center>Le groupe parlementaire qui compte le plus de millionnaires est La France Insoumise</center></font></b>",above,allTrial,barre,0 0,"","","","","","","","",-100_100_1;0,nsg:1,"","38","","1",.bmp,"1","",#000000,#FFFFFF,0 0,500,0,0,1687872,-68,6285,"",-68
286,"162",test,informationReception,"","","<b><font size=""6""><center>Le groupe parlementaire qui compte le plus de millionnaires est La France Insoumise</center></font></b>",above,allTrial,<html>,0 0,Je souhaite recevoir le complément d'informations,Je ne souhaite pas recevoir le complément d'informations,1;2,WTPtoReceive_93;WTPnotToReceive_93,"",below,"","","",nsg:1,"","38","","1",word,"1","",#000000,#FFFFFF,0 0,"",0,0,1688803,"2",918,"",""
288,"162",test,WTPnotToReceive,"","","<b><font size=""6""><center>Le groupe parlementaire qui compte le plus de millionnaires est La France Insoumise</center></font></b>",above,allTrial,<html><center>Combien d'UME êtes-vous prêt(e) à payer pour ne pas recevoir le complément d'informations ?</center><br/><br/></html>,0 0,"","",RT>1,endTrial93,WTPnotToReceive_93,below,"","",0_25_1;0,nsg:1,"","38","","1",word,"1","",#000000,#FFFFFF,0 0,"",0,0,1690637,"8",1818,"",8
180,"78",test,informationEvaluation,ITI,"500","<b><font size=""6""><center>La précarité menstruelle concernerait 2 million de femmes en France</center></font></b>",above,allTrial,barre,0 0,"","","","","","","","",-100_100_1;0,nsg:1,"","17","","1",.bmp,"1","",#000000,#FFFFFF,0 0,500,30,"16.65",1693947,"87",2786,"",87
181,"78",test,informationReception,"","","<b><font size=""6""><center>La précarité menstruelle concernerait 2 million de femmes en France</center></font></b>",above,allTrial,<html>,0 0,Je souhaite recevoir le complément d'informations,Je ne souhaite pas recevoir le complément d'informations,1;2,WTPtoReceive_38;WTPnotToReceive_38,"",below,"","","",nsg:1,"","17","","1",word,"1","",#000000,#FFFFFF,0 0,"",0,0,1694855,"1",896,"",""
182,"78",test,WTPtoReceive,"","","<b><font size=""6""><center>La précarité menstruelle concernerait 2 million de femmes en France</center></font></b>",above,allTrial,<html><center> Combien d'UME êtes-vous prêt(e) à payer pour recevoir le complément d'informations ?</center><br/><br/></html>,0 0,"","",RT>1,endTrial38,WTPtoReceive_38,below,"","",0_25_1;0,nsg:1,"","17","","1",word,"1","",#000000,#FFFFFF,0 0,"",0,0,1696779,"17",1910,"",17
245,"125",test,informationEvaluation,ITI,"500","<b><font size=""6""><center>Plus d'un tiers des eurodéputés déclarent des activités annexes rémunérées</center></font></b>",above,allTrial,barre,0 0,"","","","","","","","",-100_100_1;0,nsg:1,"","30","","1",.bmp,"1","",#000000,#FFFFFF,0 0,500,0,0,1707978,"29",10672,"",29
246,"125",test,informationReception,"","","<b><font size=""6""><center>Plus d'un tiers des eurodéputés déclarent des activités annexes rémunérées</center></font></b>",above,allTrial,<html>,0 0,Je souhaite recevoir le complément d'informations,Je ne souhaite pas recevoir le complément d'informations,1;2,WTPtoReceive_78;WTPnotToReceive_78,"",below,"","","",nsg:1,"","30","","1",word,"1","",#000000,#FFFFFF,0 0,"",30,"16.65",1708918,"1",925,"",""
247,"125",test,WTPtoReceive,"","","<b><font size=""6""><center>Plus d'un tiers des eurodéputés déclarent des activités annexes rémunérées</center></font></b>",above,allTrial,<html><center>Combien d'UME êtes-vous prêt(e) à payer pour recevoir le complément d'informations ?</center><br/><br/></html>,0 0,"","",RT>1,endTrial78,WTPtoReceive_78,below,"","",0_25_1;0,nsg:1,"","30","","1",word,"1","",#000000,#FFFFFF,0 0,"",0,0,1710279,"10",1344,"",10
270,"140",test,informationEvaluation,ITI,"500","<b><font size=""6""><center>L'Elysée a manipulé les propos de Poutine après la conférence de presse avec Macron en 2019</center></font></b>",above,allTrial,barre,0 0,"","","","","","","","",-100_100_1;0,nsg:1,"","35","","1",.bmp,"1","",#000000,#FFFFFF,0 0,500,0,0,1715029,-100,4218,"",-100
271,"140",test,informationReception,"","","<b><font size=""6""><center>L'Elysée a manipulé les propos de Poutine après la conférence de presse avec Macron en 2019</center></font></b>",above,allTrial,<html>,0 0,Je souhaite recevoir le complément d'informations,Je ne souhaite pas recevoir le complément d'informations,1;2,WTPtoReceive_87;WTPnotToReceive_87,"",below,"","","",nsg:1,"","35","","1",word,"1","",#000000,#FFFFFF,0 0,"",0,0,1716354,"2",1313,"",""
273,"140",test,WTPnotToReceive,"","","<b><font size=""6""><center>L'Elysée a manipulé les propos de Poutine après la conférence de presse avec Macron en 2019</center></font></b>",above,allTrial,<html><center> Combien d'UME êtes-vous prêt(e) à payer pour ne pas recevoir le complément d'informations ?</center><br/><br/></html>,0 0,"","",RT>1,endTrial87,WTPnotToReceive_87,below,"","",0_25_1;0,nsg:1,"","35","","1",word,"1","",#000000,#FFFFFF,0 0,"",30,"16.65",1717963,"10",1593,"",10
190,"86",test,informationEvaluation,ITI,"500","<b><font size=""6""><center>Certains comités athlétiques, bien identifiés, maintiennent encore volontairement certaines discriminations sportives</center></font></b>",above,allTrial,barre,0 0,"","","","","","","","",-100_100_1;0,nsg:1,"","19","","1",.bmp,"1","",#000000,#FFFFFF,0 0,500,0,0,1725020,"73",6535,"",73
191,"86",test,informationReception,"","","<b><font size=""6""><center>Certains comités athlétiques, bien identifiés, maintiennent encore volontairement certaines discriminations sportives</center></font></b>",above,allTrial,<html>,0 0,Je souhaite recevoir le complément d'informations,Je ne souhaite pas recevoir le complément d'informations,1;2,WTPtoReceive_50;WTPnotToReceive_50,"",below,"","","",nsg:1,"","19","","1",word,"1","",#000000,#FFFFFF,0 0,"",0,0,1725962,"1",930,"",""
192,"86",test,WTPtoReceive,"","","<b><font size=""6""><center>Certains comités athlétiques, bien identifiés, maintiennent encore volontairement certaines discriminations sportives</center></font></b>",above,allTrial,<html><center> Combien d'UME êtes-vous prêt(e) à payer pour recevoir le complément d'informations ?</center><br/><br/></html>,0 0,"","",RT>1,endTrial50,WTPtoReceive_50,below,"","",0_25_1;0,nsg:1,"","19","","1",word,"1","",#000000,#FFFFFF,0 0,"",0,0,1728831,"14",2854,"",14
310,"179",test,informationEvaluation,ITI,"500","<b><font size=""6""><center>Stockant 30% du carbone total des forêts, chaque hectare de la forêt Amazonienne qui brûle relâchera 180 tonnes de carbone dans l’atmosphère</center></font></b>",above,allTrial,barre,0 0,"","","","","","","","",-100_100_1;0,nsg:1,"","43","","1",.bmp,"1","",#000000,#FFFFFF,0 0,500,30,"16.65",1739264,"34",9908,"",34
311,"179",test,informationReception,"","","<b><font size=""6""><center>Stockant 30% du carbone total des forêts, chaque hectare de la forêt Amazonienne qui brûle relâchera 180 tonnes de carbone dans l’atmosphère</center></font></b>",above,allTrial,<html>,0 0,Je souhaite recevoir le complément d'informations,Je ne souhaite pas recevoir le complément d'informations,1;2,WTPtoReceive_103;WTPnotToReceive_103,"",below,"","","",nsg:1,"","43","","1",word,"1","",#000000,#FFFFFF,0 0,"",0,0,1740025,"1",750,"",""
312,"179",test,WTPtoReceive,"","","<b><font size=""6""><center>Stockant 30% du carbone total des forêts, chaque hectare de la forêt Amazonienne qui brûle relâchera 180 tonnes de carbone dans l’atmosphère</center></font></b>",above,allTrial,<html><center> Combien d'UME êtes-vous prêt(e) à payer pour recevoir le complément d'informations ?</center><br/><br/></html>,0 0,"","",RT>1,endTrial103,WTPtoReceive_103,below,"","",0_25_1;0,nsg:1,"","43","","1",word,"1","",#000000,#FFFFFF,0 0,"",0,0,1741926,"14",1887,"",14
100,"1",test,informationEvaluation,ITI,"","<b><font size=""6""><center>La Chine, l'Inde et les Etats Unis, les plus gros pollueurs, sont poursuivis au tribunal par Greta Thunberg</center></font></b>",above,allTrial,barre,0 0,"","","","","","","","",-100_100_1;0,nsg:1,"","1","","1",.bmp,"1","",#000000,#FFFFFF,0 0,"",0,0,1748746,-36,6777,"",-36
101,"1",test,informationReception,"","","<b><font size=""6""><center>La Chine, l'Inde et les Etats Unis, les plus gros pollueurs, sont poursuivis au tribunal par Greta Thunberg</center></font></b>",above,allTrial,<html>,0 0,Je souhaite recevoir le complément d'informations,Je ne souhaite pas recevoir le complément d'informations,1;2,WTPtoReceive_1;WTPnotToReceive_1,"",below,"","","",nsg:1,"","1","","1",word,"1","",#000000,#FFFFFF,0 0,"",30,"16.65",1749699,"1",941,"",""
102,"1",test,WTPtoReceive,"","","<b><font size=""6""><center>La Chine, l'Inde et les Etats Unis, les plus gros pollueurs, sont poursuivis au tribunal par Greta Thunberg</center></font></b>",above,allTrial,<html><center> Combien d'UME êtes-vous prêt(e) à payer pour recevoir le complément d'informations ?</center><br/><br/></html>,0 0,"","",RT>1,endTrial1,WTPtoReceive_1,below,"","",0_25_1;0,nsg:1,"","1","","1",word,"1","",#000000,#FFFFFF,0 0,"",0,0,1750859,"14",1144,"",14
150,"53",test,informationEvaluation,ITI,"500","<b><font size=""6""><center>La gestation pour autrui restant interdite, deux hommes en couple souhaitant avoir un bébé ne pourront toujours pas en bénéficier</center></font></b>",above,allTrial,barre,0 0,"","","","","","","","",-100_100_1;0,nsg:1,"","11","","1",.bmp,"1","",#000000,#FFFFFF,0 0,500,0,0,1758050,"100",6665,"",100
151,"53",test,informationReception,"","","<b><font size=""6""><center>La gestation pour autrui restant interdite, deux hommes en couple souhaitant avoir un bébé ne pourront toujours pas en bénéficier</center></font></b>",above,allTrial,<html>,0 0,Je souhaite recevoir le complément d'informations,Je ne souhaite pas recevoir le complément d'informations,1;2,WTPtoReceive_27;WTPnotToReceive_27,"",below,"","","",nsg:1,"","11","","1",word,"1","",#000000,#FFFFFF,0 0,"",0,0,1759443,"1",1383,"",""
152,"53",test,WTPtoReceive,"","","<b><font size=""6""><center>La gestation pour autrui restant interdite, deux hommes en couple souhaitant avoir un bébé ne pourront toujours pas en bénéficier</center></font></b>",above,allTrial,<html><center> Combien d'UME êtes-vous prêt(e) à payer pour recevoir le complément d'informations ?</center><br/><br/></html>,0 0,"","",RT>1,endTrial27,WTPtoReceive_27,below,"","",0_25_1;0,nsg:1,"","11","","1",word,"1","",#000000,#FFFFFF,0 0,"",30,"16.65",1760827,"15",1371,"",15
155,"62",test,informationEvaluation,ITI,"500","<b><font size=""6""><center>Matignon veut promouvoir les femmes à la tête de l'Etat grâce à la spiritualité toltèque </center></font></b>",above,allTrial,barre,0 0,"","","","","","","","",-100_100_1;0,nsg:1,"","12","","1",.bmp,"1","",#000000,#FFFFFF,0 0,500,0,0,1776120,-100,14760,"",-100
156,"62",test,informationReception,"","","<b><font size=""6""><center>Matignon veut promouvoir les femmes à la tête de l'Etat grâce à la spiritualité toltèque </center></font></b>",above,allTrial,<html>,0 0,Je souhaite recevoir le complément d'informations,Je ne souhaite pas recevoir le complément d'informations,1;2,WTPtoReceive_28;WTPnotToReceive_28,"",below,"","","",nsg:1,"","12","","1",word,"1","",#000000,#FFFFFF,0 0,"",0,0,1777399,"2",1264,"",""
158,"62",test,WTPnotToReceive,"","","<b><font size=""6""><center>Matignon veut promouvoir les femmes à la tête de l'Etat grâce à la spiritualité toltèque </center></font></b>",above,allTrial,<html><center> Combien d'UME êtes-vous prêt(e) à payer pour ne pas recevoir le complément d'informations ?</center><br/><br/></html>,0 0,"","",RT>1,endTrial28,WTPnotToReceive_28,below,"","",0_25_1;0,nsg:1,"","12","","1",word,"1","",#000000,#FFFFFF,0 0,"",0,0,1779469,"16",2052,"",16
300,"174",test,informationEvaluation,ITI,"500","<b><font size=""6""><center>Malgré le réchauffement climatique, les coraux de plusieurs régions du monde fleurissent</center></font></b>",above,allTrial,barre,0 0,"","","","","","","","",-100_100_1;0,nsg:1,"","41","","1",.bmp,"1","",#000000,#FFFFFF,0 0,500,30,"16.65",1784221,"66",4225,"",66
301,"174",test,informationReception,"","","<b><font size=""6""><center>Malgré le réchauffement climatique, les coraux de plusieurs régions du monde fleurissent</center></font></b>",above,allTrial,<html>,0 0,Je souhaite recevoir le complément d'informations,Je ne souhaite pas recevoir le complément d'informations,1;2,WTPtoReceive_99;WTPnotToReceive_99,"",below,"","","",nsg:1,"","41","","1",word,"1","",#000000,#FFFFFF,0 0,"",0,0,1784869,"1",636,"",""
302,"174",test,WTPtoReceive,"","","<b><font size=""6""><center>Malgré le réchauffement climatique, les coraux de plusieurs régions du monde fleurissent</center></font></b>",above,allTrial,<html><center> Combien d'UME êtes-vous prêt(e) à payer pour recevoir le complément d'informations ?</center><br/><br/></html>,0 0,"","",RT>1,endTrial99,WTPtoReceive_99,below,"","",0_25_1;0,nsg:1,"","41","","1",word,"1","",#000000,#FFFFFF,0 0,"",0,0,1785927,"14",1042,"",14
325,"190",test,informationEvaluation,ITI,"500","<b><font size=""6""><center>En 2018, les émissions de gaz à effet de serre ont pour la première fois baissé de 4% en France</center></font></b>",above,allTrial,barre,0 0,"","","","","","","","",-100_100_1;0,nsg:1,"","46","","1",.bmp,"1","",#000000,#FFFFFF,0 0,500,0,0,1791003,-100,4549,"",-100
326,"190",test,informationReception,"","","<b><font size=""6""><center>En 2018, les émissions de gaz à effet de serre ont pour la première fois baissé de 4% en France</center></font></b>",above,allTrial,<html>,0 0,Je souhaite recevoir le complément d'informations,Je ne souhaite pas recevoir le complément d'informations,1;2,WTPtoReceive_109;WTPnotToReceive_109,"",below,"","","",nsg:1,"","46","","1",word,"1","",#000000,#FFFFFF,0 0,"",30,"16.65",1791754,"2",739,"",""
328,"190",test,WTPnotToReceive,"","","<b><font size=""6""><center>En 2018, les émissions de gaz à effet de serre ont pour la première fois baissé de 4% en France</center></font></b>",above,allTrial,<html><center>Combien d'UME êtes-vous prêt(e) à payer pour ne pas recevoir le complément d'informations ?</center><br/><br/></html>,0 0,"","",RT>1,endTrial109,WTPnotToReceive_109,below,"","",0_25_1;0,nsg:1,"","46","","1",word,"1","",#000000,#FFFFFF,0 0,"",0,0,1792947,"14",1177,"",14
220,"112",test,informationEvaluation,ITI,"500","<b><font size=""6""><center>Il existe des primes de retour pour les migrants</center></font></b>",above,allTrial,barre,0 0,"","","","","","","","",-100_100_1;0,nsg:1,"","25","","1",.bmp,"1","",#000000,#FFFFFF,0 0,500,0,0,1798576,-100,5096,"",-100
221,"112",test,informationReception,"","","<b><font size=""6""><center>Il existe des primes de retour pour les migrants</center></font></b>",above,allTrial,<html>,0 0,Je souhaite recevoir le complément d'informations,Je ne souhaite pas recevoir le complément d'informations,1;2,WTPtoReceive_70;WTPnotToReceive_70,"",below,"","","",nsg:1,"","25","","1",word,"1","",#000000,#FFFFFF,0 0,"",0,0,1799100,"1",508,"",""
222,"112",test,WTPtoReceive,"","","<b><font size=""6""><center>Il existe des primes de retour pour les migrants</center></font></b>",above,allTrial,<html><center> Combien d'UME êtes-vous prêt(e) à payer pour recevoir le complément d'informations ?</center><br/><br/></html>,0 0,"","",RT>1,endTrial70,WTPtoReceive_70,below,"","",0_25_1;0,nsg:1,"","25","","1",word,"1","",#000000,#FFFFFF,0 0,"",30,"16.65",1800698,"11",1580,"",11
140,"36",test,informationEvaluation,ITI,"500","<b><font size=""6""><center>Il n'est pas faux de dire que les véhicules électriques polluent plus lors de leur cycle de vie que les véhicules thermiques</center></font></b>",above,allTrial,barre,0 0,"","","","","","","","",-100_100_1;0,nsg:1,"","9","","1",.bmp,"1","",#000000,#FFFFFF,0 0,500,0,0,1818476,-43,17248,"",-43
141,"36",test,informationReception,"","","<b><font size=""6""><center>Il n'est pas faux de dire que les véhicules électriques polluent plus lors de leur cycle de vie que les véhicules thermiques</center></font></b>",above,allTrial,<html>,0 0,Je souhaite recevoir le complément d'informations,Je ne souhaite pas recevoir le complément d'informations,1;2,WTPtoReceive_21;WTPnotToReceive_21,"",below,"","","",nsg:1,"","9","","1",word,"1","",#000000,#FFFFFF,0 0,"",0,0,1819283,"2",793,"",""
143,"36",test,WTPnotToReceive,"","","<b><font size=""6""><center>Il n'est pas faux de dire que les véhicules électriques polluent plus lors de leur cycle de vie que les véhicules thermiques</center></font></b>",above,allTrial,<html><center> Combien d'UME êtes-vous prêt(e) à payer pour ne pas recevoir le complément d'informations ?</center><br/><br/></html>,0 0,"","",RT>1,endTrial21,WTPnotToReceive_21,below,"","",0_25_1;0,nsg:1,"","9","","1",word,"1","",#000000,#FFFFFF,0 0,"",0,0,1821354,"14",2054,"",14
165,"69",test,informationEvaluation,ITI,"500","<b><font size=""6""><center>La télévision est encore gratuite dans les prisons et payante dans les hôpitaux publics</center></font></b>",above,allTrial,barre,0 0,"","","","","","","","",-100_100_1;0,nsg:1,"","14","","1",.bmp,"1","",#000000,#FFFFFF,0 0,500,30,"16.65",1831211,"45",9324,"",45
166,"69",test,informationReception,"","","<b><font size=""6""><center>La télévision est encore gratuite dans les prisons et payante dans les hôpitaux publics</center></font></b>",above,allTrial,<html>,0 0,Je souhaite recevoir le complément d'informations,Je ne souhaite pas recevoir le complément d'informations,1;2,WTPtoReceive_31;WTPnotToReceive_31,"",below,"","","",nsg:1,"","14","","1",word,"1","",#000000,#FFFFFF,0 0,"",0,0,1831602,"1",380,"",""
167,"69",test,WTPtoReceive,"","","<b><font size=""6""><center>La télévision est encore gratuite dans les prisons et payante dans les hôpitaux publics</center></font></b>",above,allTrial,<html><center>Combien d'UME êtes-vous prêt(e) à payer pour recevoir le complément d'informations ?</center><br/><br/></html>,0 0,"","",RT>1,endTrial31,WTPtoReceive_31,below,"","",0_25_1;0,nsg:1,"","14","","1",word,"1","",#000000,#FFFFFF,0 0,"",0,0,1833223,"14",1606,"",14
320,"184",test,informationEvaluation,ITI,"500","<b><font size=""6""><center>Au Danemark, 23% des aliments vendus dans les supermarchés sont bio, le taux le plus élevé du monde selon le gouvernement danois</center></font></b>",above,allTrial,barre,0 0,"","","","","","","","",-100_100_1;0,nsg:1,"","45","","1",.bmp,"1","",#000000,#FFFFFF,0 0,500,0,0,1841428,"50",7683,"",50
321,"184",test,informationReception,"","","<b><font size=""6""><center>Au Danemark, 23% des aliments vendus dans les supermarchés sont bio, le taux le plus élevé du monde selon le gouvernement danois</center></font></b>",above,allTrial,<html>,0 0,Je souhaite recevoir le complément d'informations,Je ne souhaite pas recevoir le complément d'informations,1;2,WTPtoReceive_108;WTPnotToReceive_108,"",below,"","","",nsg:1,"","45","","1",word,"1","",#000000,#FFFFFF,0 0,"",30,"16.65",1841919,"1",475,"",""
322,"184",test,WTPtoReceive,"","","<b><font size=""6""><center>Au Danemark, 23% des aliments vendus dans les supermarchés sont bio, le taux le plus élevé du monde selon le gouvernement danois</center></font></b>",above,allTrial,<html><center>Combien d'UME êtes-vous prêt(e) à payer pour recevoir le complément d'informations ?</center><br/><br/></html>,0 0,"","",RT>1,endTrial108,WTPtoReceive_108,below,"","",0_25_1;0,nsg:1,"","45","","1",word,"1","",#000000,#FFFFFF,0 0,"",0,0,1843382,"15",1443,"",15
230,"118",test,informationEvaluation,ITI,"500","<b><font size=""6""><center>L'Etat a acheté une soixantaine d'hotels Formule 1 destinés aux demandeurs d'asile</center></font></b>",above,allTrial,barre,0 0,"","","","","","","","",-100_100_1;0,nsg:1,"","27","","1",.bmp,"1","",#000000,#FFFFFF,0 0,500,0,0,1851338,-47,7420,"",-47
231,"118",test,informationReception,"","","<b><font size=""6""><center>L'Etat a acheté une soixantaine d'hotels Formule 1 destinés aux demandeurs d'asile</center></font></b>",above,allTrial,<html>,0 0,Je souhaite recevoir le complément d'informations,Je ne souhaite pas recevoir le complément d'informations,1;2,WTPtoReceive_75;WTPnotToReceive_75,"",below,"","","",nsg:1,"","27","","1",word,"1","",#000000,#FFFFFF,0 0,"",0,0,1852145,"1",795,"",""
232,"118",test,WTPtoReceive,"","","<b><font size=""6""><center>L'Etat a acheté une soixantaine d'hotels Formule 1 destinés aux demandeurs d'asile</center></font></b>",above,allTrial,<html><center> Combien d'UME êtes-vous prêt(e) à payer pour recevoir le complément d'informations ?</center><br/><br/></html>,0 0,"","",RT>1,endTrial75,WTPtoReceive_75,below,"","",0_25_1;0,nsg:1,"","27","","1",word,"1","",#000000,#FFFFFF,0 0,"",30,"16.65",1854789,"15",2628,"",15
185,"81",test,informationEvaluation,ITI,"500","<b><font size=""6""><center>La définition des violences conjugales va bientôt contenir la notion de violence psychologique</center></font></b>",above,allTrial,barre,0 0,"","","","","","","","",-100_100_1;0,nsg:1,"","18","","1",.bmp,"1","",#000000,#FFFFFF,0 0,500,0,0,1859495,"79",4172,"",79
186,"81",test,informationReception,"","","<b><font size=""6""><center>La définition des violences conjugales va bientôt contenir la notion de violence psychologique</center></font></b>",above,allTrial,<html>,0 0,Je souhaite recevoir le complément d'informations,Je ne souhaite pas recevoir le complément d'informations,1;2,WTPtoReceive_39;WTPnotToReceive_39,"",below,"","","",nsg:1,"","18","","1",word,"1","",#000000,#FFFFFF,0 0,"",0,0,1860650,"1",1143,"",""
187,"81",test,WTPtoReceive,"","","<b><font size=""6""><center>La définition des violences conjugales va bientôt contenir la notion de violence psychologique</center></font></b>",above,allTrial,<html><center> Combien d'UME êtes-vous prêt(e) à payer pour recevoir le complément d'informations ?</center><br/><br/></html>,0 0,"","",RT>1,endTrial39,WTPtoReceive_39,below,"","",0_25_1;0,nsg:1,"","18","","1",word,"1","",#000000,#FFFFFF,0 0,"",0,0,1861776,"16",1109,"",16
125,"21",test,informationEvaluation,ITI,"500","<b><font size=""6""><center>Les forêts vierges, les forêts ""replantées"", les fruticées et les terrains de culture n'ont pas toutes le même impact sur le climat</center></font></b>",above,allTrial,barre,0 0,"","","","","","","","",-100_100_1;0,nsg:1,"","6","","1",.bmp,"1","",#000000,#FFFFFF,0 0,500,30,"16.65",1869642,"77",7343,"",77
126,"21",test,informationReception,"","","<b><font size=""6""><center>Les forêts vierges, les forêts ""replantées"", les fruticées et les terrains de culture n'ont pas toutes le même impact sur le climat</center></font></b>",above,allTrial,<html>,0 0,Je souhaite recevoir le complément d'informations,Je ne souhaite pas recevoir le complément d'informations,1;2,WTPtoReceive_17;WTPnotToReceive_17,"",below,"","","",nsg:1,"","6","","1",word,"1","",#000000,#FFFFFF,0 0,"",0,0,1870977,"1",1324,"",""
127,"21",test,WTPtoReceive,"","","<b><font size=""6""><center>Les forêts vierges, les forêts ""replantées"", les fruticées et les terrains de culture n'ont pas toutes le même impact sur le climat</center></font></b>",above,allTrial,<html><center>Combien d'UME êtes-vous prêt(e) à payer pour recevoir le complément d'informations ?</center><br/><br/></html>,0 0,"","",RT>1,endTrial17,WTPtoReceive_17,below,"","",0_25_1;0,nsg:1,"","6","","1",word,"1","",#000000,#FFFFFF,0 0,"",0,0,1872530,"16",1539,"",16